timestamp,co2_ppm,temperature_c,humidity_percent,zone
2026-04-27 00:00:00,401.69,32.51,47.85,Dubai_Industrial_Zone_1
2026-04-27 00:30:00,418.37,33.39,28.13,Dubai_Industrial_Zone_1
2026-04-27 01:00:00,416.2,32.34,46.68,Dubai_Industrial_Zone_1
2026-04-27 01:30:00,416.55,36.75,36.02,Dubai_Industrial_Zone_1
2026-04-27 02:00:00,431.29,36.45,40.48,Dubai_Industrial_Zone_1
2026-04-27 02:30:00,429.15,35.04,33.42,Dubai_Industrial_Zone_1
2026-04-27 03:00:00,421.38,37.16,41.52,Dubai_Industrial_Zone_1
2026-04-27 03:30:00,438.7,37.3,49.04,Dubai_Industrial_Zone_1
2026-04-27 04:00:00,435.93,36.4,28.06,Dubai_Industrial_Zone_1
2026-04-27 04:30:00,430.22,40.39,50.4,Dubai_Industrial_Zone_1
2026-04-27 05:00:00,436.59,38.92,23.92,Dubai_Industrial_Zone_1
2026-04-27 05:30:00,435.63,40.6,30.35,Dubai_Industrial_Zone_1
2026-04-27 06:00:00,437.0,37.56,55.01,Dubai_Industrial_Zone_1
2026-04-27 06:30:00,447.41,38.93,26.49,Dubai_Industrial_Zone_1
2026-04-27 07:00:00,437.71,39.75,35.86,Dubai_Industrial_Zone_1
2026-04-27 07:30:00,434.7,38.01,52.29,Dubai_Industrial_Zone_1
2026-04-27 08:00:00,443.59,37.55,53.33,Dubai_Industrial_Zone_1
2026-04-27 08:30:00,428.65,36.93,32.48,Dubai_Industrial_Zone_1
2026-04-27 09:00:00,433.97,38.93,31.22,Dubai_Industrial_Zone_1
2026-04-27 09:30:00,424.91,35.13,56.06,Dubai_Industrial_Zone_1
2026-04-27 10:00:00,419.75,34.67,37.04,Dubai_Industrial_Zone_1
2026-04-27 10:30:00,428.0,35.12,26.8,Dubai_Industrial_Zone_1
2026-04-27 11:00:00,420.62,36.56,55.16,Dubai_Industrial_Zone_1
2026-04-27 11:30:00,411.58,32.46,22.24,Dubai_Industrial_Zone_1
2026-04-27 12:00:00,412.7,30.19,47.13,Dubai_Industrial_Zone_1
2026-04-27 12:30:00,400.81,25.03,56.5,Dubai_Industrial_Zone_1
2026-04-27 13:00:00,408.78,30.62,27.34,Dubai_Industrial_Zone_1
2026-04-27 13:30:00,398.59,29.74,34.04,Dubai_Industrial_Zone_1
2026-04-27 14:00:00,397.2,28.85,40.57,Dubai_Industrial_Zone_1
2026-04-27 14:30:00,395.32,23.86,38.9,Dubai_Industrial_Zone_1
2026-04-27 15:00:00,385.89,26.57,60.0,Dubai_Industrial_Zone_1
2026-04-27 15:30:00,377.15,25.92,41.89,Dubai_Industrial_Zone_1
2026-04-27 16:00:00,384.31,20.27,57.48,Dubai_Industrial_Zone_1
2026-04-27 16:30:00,388.84,24.05,59.57,Dubai_Industrial_Zone_1
2026-04-27 17:00:00,390.56,23.15,38.7,Dubai_Industrial_Zone_1
2026-04-27 17:30:00,378.62,26.21,33.24,Dubai_Industrial_Zone_1
2026-04-27 18:00:00,380.57,23.66,29.49,Dubai_Industrial_Zone_1
2026-04-27 18:30:00,377.85,25.6,36.86,Dubai_Industrial_Zone_1
2026-04-27 19:00:00,375.42,26.73,45.58,Dubai_Industrial_Zone_1
2026-04-27 19:30:00,386.92,26.25,51.96,Dubai_Industrial_Zone_1
2026-04-27 20:00:00,381.68,27.48,45.91,Dubai_Industrial_Zone_1
2026-04-27 20:30:00,378.97,24.82,26.44,Dubai_Industrial_Zone_1
2026-04-27 21:00:00,389.65,25.69,43.37,Dubai_Industrial_Zone_1
2026-04-27 21:30:00,389.06,28.35,56.65,Dubai_Industrial_Zone_1
2026-04-27 22:00:00,390.42,31.53,41.23,Dubai_Industrial_Zone_1
2026-04-27 22:30:00,390.08,28.05,44.58,Dubai_Industrial_Zone_1
2026-04-27 23:00:00,402.42,31.93,45.88,Dubai_Industrial_Zone_1
2026-04-27 23:30:00,402.92,29.77,25.05,Dubai_Industrial_Zone_1
2026-04-28 00:00:00,409.18,27.97,30.15,Dubai_Industrial_Zone_1
2026-04-28 00:30:00,424.58,34.35,47.12,Dubai_Industrial_Zone_1
2026-04-28 01:00:00,415.44,33.64,32.18,Dubai_Industrial_Zone_1
2026-04-28 01:30:00,416.85,35.92,48.18,Dubai_Industrial_Zone_1
2026-04-28 02:00:00,424.57,36.85,20.0,Dubai_Industrial_Zone_1
2026-04-28 02:30:00,431.78,37.98,22.59,Dubai_Industrial_Zone_1
2026-04-28 03:00:00,429.42,37.88,43.67,Dubai_Industrial_Zone_1
2026-04-28 03:30:00,437.13,33.84,41.55,Dubai_Industrial_Zone_1
2026-04-28 04:00:00,438.4,35.59,44.75,Dubai_Industrial_Zone_1
2026-04-28 04:30:00,442.71,42.06,50.85,Dubai_Industrial_Zone_1
2026-04-28 05:00:00,440.21,36.9,20.0,Dubai_Industrial_Zone_1
2026-04-28 05:30:00,434.02,39.75,20.0,Dubai_Industrial_Zone_1
2026-04-28 06:00:00,440.09,39.87,51.66,Dubai_Industrial_Zone_1
2026-04-28 06:30:00,437.6,39.04,20.0,Dubai_Industrial_Zone_1
2026-04-28 07:00:00,441.21,39.65,22.22,Dubai_Industrial_Zone_1
2026-04-28 07:30:00,439.25,40.75,20.0,Dubai_Industrial_Zone_1
2026-04-28 08:00:00,425.79,40.77,38.78,Dubai_Industrial_Zone_1
2026-04-28 08:30:00,427.95,38.64,20.0,Dubai_Industrial_Zone_1
2026-04-28 09:00:00,433.73,36.23,35.65,Dubai_Industrial_Zone_1
2026-04-28 09:30:00,429.81,37.88,34.2,Dubai_Industrial_Zone_1
2026-04-28 10:00:00,424.46,35.38,20.19,Dubai_Industrial_Zone_1
2026-04-28 10:30:00,427.35,38.6,45.58,Dubai_Industrial_Zone_1
2026-04-28 11:00:00,422.03,34.14,55.13,Dubai_Industrial_Zone_1
2026-04-28 11:30:00,414.03,30.59,36.07,Dubai_Industrial_Zone_1
2026-04-28 12:00:00,413.85,28.73,47.04,Dubai_Industrial_Zone_1
2026-04-28 12:30:00,405.97,35.22,29.49,Dubai_Industrial_Zone_1
2026-04-28 13:00:00,401.38,32.2,54.28,Dubai_Industrial_Zone_1
2026-04-28 13:30:00,401.67,26.02,27.12,Dubai_Industrial_Zone_1
2026-04-28 14:00:00,395.64,25.32,44.08,Dubai_Industrial_Zone_1
2026-04-28 14:30:00,395.1,24.89,29.73,Dubai_Industrial_Zone_1
2026-04-28 15:00:00,393.02,27.05,60.0,Dubai_Industrial_Zone_1
2026-04-28 15:30:00,393.77,25.45,40.94,Dubai_Industrial_Zone_1
2026-04-28 16:00:00,382.77,26.13,60.0,Dubai_Industrial_Zone_1
2026-04-28 16:30:00,381.79,23.9,50.26,Dubai_Industrial_Zone_1
2026-04-28 17:00:00,381.63,24.15,46.51,Dubai_Industrial_Zone_1
2026-04-28 17:30:00,386.85,23.64,41.97,Dubai_Industrial_Zone_1
2026-04-28 18:00:00,379.31,27.6,32.48,Dubai_Industrial_Zone_1
2026-04-28 18:30:00,383.98,24.98,27.88,Dubai_Industrial_Zone_1
2026-04-28 19:00:00,381.0,19.98,60.0,Dubai_Industrial_Zone_1
2026-04-28 19:30:00,382.09,25.1,43.16,Dubai_Industrial_Zone_1
2026-04-28 20:00:00,381.83,26.05,60.0,Dubai_Industrial_Zone_1
2026-04-28 20:30:00,389.73,22.49,60.0,Dubai_Industrial_Zone_1
2026-04-28 21:00:00,382.87,24.56,41.25,Dubai_Industrial_Zone_1
2026-04-28 21:30:00,385.2,26.26,60.0,Dubai_Industrial_Zone_1
2026-04-28 22:00:00,397.46,28.44,57.32,Dubai_Industrial_Zone_1
2026-04-28 22:30:00,396.0,25.26,42.8,Dubai_Industrial_Zone_1
2026-04-28 23:00:00,409.21,28.71,28.66,Dubai_Industrial_Zone_1
2026-04-28 23:30:00,400.98,29.4,36.31,Dubai_Industrial_Zone_1
2026-04-29 00:00:00,416.93,30.05,23.28,Dubai_Industrial_Zone_1
2026-04-29 00:30:00,412.47,37.11,36.28,Dubai_Industrial_Zone_1
2026-04-29 01:00:00,418.73,33.11,25.0,Dubai_Industrial_Zone_1
2026-04-29 01:30:00,423.75,35.04,41.76,Dubai_Industrial_Zone_1
2026-04-29 02:00:00,430.95,37.89,46.53,Dubai_Industrial_Zone_1
2026-04-29 02:30:00,423.25,39.26,45.32,Dubai_Industrial_Zone_1
2026-04-29 03:00:00,440.62,38.0,28.46,Dubai_Industrial_Zone_1
2026-04-29 03:30:00,440.94,37.09,24.25,Dubai_Industrial_Zone_1
2026-04-29 04:00:00,436.01,37.31,49.62,Dubai_Industrial_Zone_1
2026-04-29 04:30:00,442.47,42.55,20.0,Dubai_Industrial_Zone_1
2026-04-29 05:00:00,437.08,41.04,45.47,Dubai_Industrial_Zone_1
2026-04-29 05:30:00,440.57,42.09,28.77,Dubai_Industrial_Zone_1
2026-04-29 06:00:00,440.29,39.28,31.68,Dubai_Industrial_Zone_1
2026-04-29 06:30:00,442.4,40.66,29.3,Dubai_Industrial_Zone_1
2026-04-29 07:00:00,444.38,37.49,23.36,Dubai_Industrial_Zone_1
2026-04-29 07:30:00,435.84,35.77,28.17,Dubai_Industrial_Zone_1
2026-04-29 08:00:00,441.22,37.59,40.8,Dubai_Industrial_Zone_1
2026-04-29 08:30:00,430.08,38.58,30.62,Dubai_Industrial_Zone_1
2026-04-29 09:00:00,435.05,34.29,25.19,Dubai_Industrial_Zone_1
2026-04-29 09:30:00,435.37,37.39,39.55,Dubai_Industrial_Zone_1
2026-04-29 10:00:00,432.31,34.8,26.61,Dubai_Industrial_Zone_1
2026-04-29 10:30:00,416.11,36.73,55.18,Dubai_Industrial_Zone_1
2026-04-29 11:00:00,420.96,36.45,20.02,Dubai_Industrial_Zone_1
2026-04-29 11:30:00,408.68,34.04,30.25,Dubai_Industrial_Zone_1
2026-04-29 12:00:00,411.04,32.17,59.68,Dubai_Industrial_Zone_1
2026-04-29 12:30:00,405.12,29.22,41.79,Dubai_Industrial_Zone_1
2026-04-29 13:00:00,401.93,30.5,32.66,Dubai_Industrial_Zone_1
2026-04-29 13:30:00,385.24,26.49,30.62,Dubai_Industrial_Zone_1
2026-04-29 14:00:00,396.52,33.85,24.37,Dubai_Industrial_Zone_1
2026-04-29 14:30:00,393.36,27.8,24.0,Dubai_Industrial_Zone_1
2026-04-29 15:00:00,390.95,27.53,42.63,Dubai_Industrial_Zone_1
2026-04-29 15:30:00,384.43,27.35,43.82,Dubai_Industrial_Zone_1
2026-04-29 16:00:00,387.51,26.72,54.86,Dubai_Industrial_Zone_1
2026-04-29 16:30:00,393.7,27.08,52.24,Dubai_Industrial_Zone_1
2026-04-29 17:00:00,380.99,21.54,46.19,Dubai_Industrial_Zone_1
2026-04-29 17:30:00,377.69,26.53,49.15,Dubai_Industrial_Zone_1
2026-04-29 18:00:00,376.11,20.9,33.57,Dubai_Industrial_Zone_1
2026-04-29 18:30:00,370.02,26.63,57.44,Dubai_Industrial_Zone_1
2026-04-29 19:00:00,374.06,22.15,55.14,Dubai_Industrial_Zone_1
2026-04-29 19:30:00,381.28,25.44,48.47,Dubai_Industrial_Zone_1
2026-04-29 20:00:00,392.66,28.36,42.67,Dubai_Industrial_Zone_1
2026-04-29 20:30:00,399.3,23.14,49.88,Dubai_Industrial_Zone_1
2026-04-29 21:00:00,386.52,25.77,60.0,Dubai_Industrial_Zone_1
2026-04-29 21:30:00,396.6,24.39,50.46,Dubai_Industrial_Zone_1
2026-04-29 22:00:00,391.39,30.32,51.08,Dubai_Industrial_Zone_1
2026-04-29 22:30:00,399.41,28.19,27.23,Dubai_Industrial_Zone_1
2026-04-29 23:00:00,402.6,29.07,44.89,Dubai_Industrial_Zone_1
2026-04-29 23:30:00,400.38,32.53,46.42,Dubai_Industrial_Zone_1
2026-04-30 00:00:00,413.0,33.25,32.81,Dubai_Industrial_Zone_1
2026-04-30 00:30:00,416.79,31.55,54.45,Dubai_Industrial_Zone_1
2026-04-30 01:00:00,413.36,36.35,35.54,Dubai_Industrial_Zone_1
2026-04-30 01:30:00,423.19,35.7,20.0,Dubai_Industrial_Zone_1
2026-04-30 02:00:00,422.19,37.2,33.91,Dubai_Industrial_Zone_1
2026-04-30 02:30:00,436.04,34.45,55.09,Dubai_Industrial_Zone_1
2026-04-30 03:00:00,431.74,38.97,49.48,Dubai_Industrial_Zone_1
2026-04-30 03:30:00,429.36,39.87,25.49,Dubai_Industrial_Zone_1
2026-04-30 04:00:00,434.46,39.56,20.0,Dubai_Industrial_Zone_1
2026-04-30 04:30:00,432.49,39.3,20.0,Dubai_Industrial_Zone_1
2026-04-30 05:00:00,435.92,40.3,42.31,Dubai_Industrial_Zone_1
2026-04-30 05:30:00,446.41,39.11,47.71,Dubai_Industrial_Zone_1
2026-04-30 06:00:00,435.11,39.69,46.66,Dubai_Industrial_Zone_1
2026-04-30 06:30:00,439.1,40.55,36.5,Dubai_Industrial_Zone_1
2026-04-30 07:00:00,444.4,38.95,48.3,Dubai_Industrial_Zone_1
2026-04-30 07:30:00,441.49,38.86,31.46,Dubai_Industrial_Zone_1
2026-04-30 08:00:00,434.69,36.51,42.09,Dubai_Industrial_Zone_1
2026-04-30 08:30:00,433.94,37.53,37.38,Dubai_Industrial_Zone_1
2026-04-30 09:00:00,430.56,38.31,42.71,Dubai_Industrial_Zone_1
2026-04-30 09:30:00,433.85,34.89,35.03,Dubai_Industrial_Zone_1
2026-04-30 10:00:00,418.35,33.3,51.8,Dubai_Industrial_Zone_1
2026-04-30 10:30:00,430.85,36.01,41.47,Dubai_Industrial_Zone_1
2026-04-30 11:00:00,430.8,36.73,54.4,Dubai_Industrial_Zone_1
2026-04-30 11:30:00,409.58,34.88,26.94,Dubai_Industrial_Zone_1
2026-04-30 12:00:00,411.87,33.59,26.01,Dubai_Industrial_Zone_1
2026-04-30 12:30:00,410.98,31.73,57.29,Dubai_Industrial_Zone_1
2026-04-30 13:00:00,397.38,29.31,60.0,Dubai_Industrial_Zone_1
2026-04-30 13:30:00,390.68,26.01,60.0,Dubai_Industrial_Zone_1
2026-04-30 14:00:00,387.23,26.72,46.27,Dubai_Industrial_Zone_1
2026-04-30 14:30:00,397.33,29.46,54.5,Dubai_Industrial_Zone_1
2026-04-30 15:00:00,391.33,25.54,46.9,Dubai_Industrial_Zone_1
2026-04-30 15:30:00,380.83,26.19,30.73,Dubai_Industrial_Zone_1
2026-04-30 16:00:00,376.88,26.39,55.18,Dubai_Industrial_Zone_1
2026-04-30 16:30:00,373.32,25.27,30.61,Dubai_Industrial_Zone_1
2026-04-30 17:00:00,376.82,24.93,39.41,Dubai_Industrial_Zone_1
2026-04-30 17:30:00,389.48,24.89,60.0,Dubai_Industrial_Zone_1
2026-04-30 18:00:00,382.25,21.65,60.0,Dubai_Industrial_Zone_1
2026-04-30 18:30:00,376.36,25.31,46.65,Dubai_Industrial_Zone_1
2026-04-30 19:00:00,393.45,24.55,33.29,Dubai_Industrial_Zone_1
2026-04-30 19:30:00,378.35,23.38,40.87,Dubai_Industrial_Zone_1
2026-04-30 20:00:00,382.98,26.6,37.18,Dubai_Industrial_Zone_1
2026-04-30 20:30:00,384.9,24.5,43.75,Dubai_Industrial_Zone_1
2026-04-30 21:00:00,393.53,27.24,33.49,Dubai_Industrial_Zone_1
2026-04-30 21:30:00,389.25,24.11,43.23,Dubai_Industrial_Zone_1
2026-04-30 22:00:00,396.16,28.24,44.82,Dubai_Industrial_Zone_1
2026-04-30 22:30:00,404.84,32.34,54.52,Dubai_Industrial_Zone_1
2026-04-30 23:00:00,406.6,25.87,36.54,Dubai_Industrial_Zone_1
2026-04-30 23:30:00,412.95,29.55,52.41,Dubai_Industrial_Zone_1
2026-05-01 00:00:00,414.13,32.47,55.85,Dubai_Industrial_Zone_1
2026-05-01 00:30:00,407.02,30.88,47.6,Dubai_Industrial_Zone_1
2026-05-01 01:00:00,412.39,34.28,49.68,Dubai_Industrial_Zone_1
2026-05-01 01:30:00,427.21,38.7,42.62,Dubai_Industrial_Zone_1
2026-05-01 02:00:00,425.99,33.82,46.08,Dubai_Industrial_Zone_1
2026-05-01 02:30:00,435.53,37.19,20.0,Dubai_Industrial_Zone_1
2026-05-01 03:00:00,422.96,38.54,20.0,Dubai_Industrial_Zone_1
2026-05-01 03:30:00,436.36,38.42,32.99,Dubai_Industrial_Zone_1
2026-05-01 04:00:00,435.53,39.04,49.31,Dubai_Industrial_Zone_1
2026-05-01 04:30:00,433.41,37.38,38.7,Dubai_Industrial_Zone_1
2026-05-01 05:00:00,441.4,39.94,44.22,Dubai_Industrial_Zone_1
2026-05-01 05:30:00,438.58,37.79,29.05,Dubai_Industrial_Zone_1
2026-05-01 06:00:00,441.3,39.39,49.67,Dubai_Industrial_Zone_1
2026-05-01 06:30:00,435.11,41.44,24.13,Dubai_Industrial_Zone_1
2026-05-01 07:00:00,438.33,37.71,42.7,Dubai_Industrial_Zone_1
2026-05-01 07:30:00,434.46,38.37,51.55,Dubai_Industrial_Zone_1
2026-05-01 08:00:00,434.08,37.35,39.68,Dubai_Industrial_Zone_1
2026-05-01 08:30:00,425.91,37.99,48.06,Dubai_Industrial_Zone_1
2026-05-01 09:00:00,433.97,36.32,24.27,Dubai_Industrial_Zone_1
2026-05-01 09:30:00,430.67,36.96,42.09,Dubai_Industrial_Zone_1
2026-05-01 10:00:00,422.57,38.35,24.06,Dubai_Industrial_Zone_1
2026-05-01 10:30:00,416.98,35.18,55.84,Dubai_Industrial_Zone_1
2026-05-01 11:00:00,425.81,34.12,47.67,Dubai_Industrial_Zone_1
2026-05-01 11:30:00,417.37,34.6,51.36,Dubai_Industrial_Zone_1
2026-05-01 12:00:00,407.17,33.84,30.27,Dubai_Industrial_Zone_1
2026-05-01 12:30:00,405.36,28.81,32.46,Dubai_Industrial_Zone_1
2026-05-01 13:00:00,404.33,28.76,34.68,Dubai_Industrial_Zone_1
2026-05-01 13:30:00,392.46,27.12,27.93,Dubai_Industrial_Zone_1
2026-05-01 14:00:00,401.99,26.11,50.88,Dubai_Industrial_Zone_1
2026-05-01 14:30:00,397.49,27.61,60.0,Dubai_Industrial_Zone_1
2026-05-01 15:00:00,385.73,23.85,49.15,Dubai_Industrial_Zone_1
2026-05-01 15:30:00,383.2,24.04,60.0,Dubai_Industrial_Zone_1
2026-05-01 16:00:00,386.18,24.81,60.0,Dubai_Industrial_Zone_1
2026-05-01 16:30:00,389.03,24.66,51.07,Dubai_Industrial_Zone_1
2026-05-01 17:00:00,377.57,26.56,44.38,Dubai_Industrial_Zone_1
2026-05-01 17:30:00,374.49,22.58,37.74,Dubai_Industrial_Zone_1
2026-05-01 18:00:00,384.5,22.41,27.86,Dubai_Industrial_Zone_1
2026-05-01 18:30:00,388.02,26.91,50.02,Dubai_Industrial_Zone_1
2026-05-01 19:00:00,383.42,26.17,43.95,Dubai_Industrial_Zone_1
2026-05-01 19:30:00,382.26,25.45,60.0,Dubai_Industrial_Zone_1
2026-05-01 20:00:00,385.45,27.11,47.33,Dubai_Industrial_Zone_1
2026-05-01 20:30:00,388.93,22.17,41.72,Dubai_Industrial_Zone_1
2026-05-01 21:00:00,390.56,29.79,39.96,Dubai_Industrial_Zone_1
2026-05-01 21:30:00,392.02,27.04,57.57,Dubai_Industrial_Zone_1
2026-05-01 22:00:00,395.36,28.03,34.34,Dubai_Industrial_Zone_1
2026-05-01 22:30:00,395.7,28.47,31.56,Dubai_Industrial_Zone_1
2026-05-01 23:00:00,400.54,28.59,33.15,Dubai_Industrial_Zone_1
2026-05-01 23:30:00,403.65,33.25,56.2,Dubai_Industrial_Zone_1
2026-05-02 00:00:00,406.44,28.66,60.0,Dubai_Industrial_Zone_1
2026-05-02 00:30:00,415.63,36.54,38.77,Dubai_Industrial_Zone_1
2026-05-02 01:00:00,412.52,34.67,22.73,Dubai_Industrial_Zone_1
2026-05-02 01:30:00,422.07,39.33,43.07,Dubai_Industrial_Zone_1
2026-05-02 02:00:00,427.17,34.94,43.23,Dubai_Industrial_Zone_1
2026-05-02 02:30:00,426.93,35.89,37.91,Dubai_Industrial_Zone_1
2026-05-02 03:00:00,428.45,41.34,20.0,Dubai_Industrial_Zone_1
2026-05-02 03:30:00,446.19,39.05,25.39,Dubai_Industrial_Zone_1
2026-05-02 04:00:00,435.49,36.93,34.15,Dubai_Industrial_Zone_1
2026-05-02 04:30:00,433.88,40.8,20.0,Dubai_Industrial_Zone_1
2026-05-02 05:00:00,436.3,39.86,47.35,Dubai_Industrial_Zone_1
2026-05-02 05:30:00,438.53,38.28,38.7,Dubai_Industrial_Zone_1
2026-05-02 06:00:00,437.19,40.09,25.86,Dubai_Industrial_Zone_1
2026-05-02 06:30:00,444.64,43.44,43.99,Dubai_Industrial_Zone_1
2026-05-02 07:00:00,435.07,40.17,40.88,Dubai_Industrial_Zone_1
2026-05-02 07:30:00,442.3,38.7,47.35,Dubai_Industrial_Zone_1
2026-05-02 08:00:00,440.19,39.96,41.96,Dubai_Industrial_Zone_1
2026-05-02 08:30:00,434.26,35.11,40.29,Dubai_Industrial_Zone_1
2026-05-02 09:00:00,429.04,37.94,24.38,Dubai_Industrial_Zone_1
2026-05-02 09:30:00,430.27,38.76,32.73,Dubai_Industrial_Zone_1
2026-05-02 10:00:00,414.85,33.52,57.35,Dubai_Industrial_Zone_1
2026-05-02 10:30:00,427.11,31.01,24.14,Dubai_Industrial_Zone_1
2026-05-02 11:00:00,409.0,32.73,50.06,Dubai_Industrial_Zone_1
2026-05-02 11:30:00,415.66,34.6,30.51,Dubai_Industrial_Zone_1
2026-05-02 12:00:00,402.5,32.75,35.98,Dubai_Industrial_Zone_1
2026-05-02 12:30:00,404.93,31.52,37.59,Dubai_Industrial_Zone_1
2026-05-02 13:00:00,406.18,28.14,30.92,Dubai_Industrial_Zone_1
2026-05-02 13:30:00,397.92,27.73,58.18,Dubai_Industrial_Zone_1
2026-05-02 14:00:00,397.52,25.52,45.28,Dubai_Industrial_Zone_1
2026-05-02 14:30:00,392.76,25.91,36.64,Dubai_Industrial_Zone_1
2026-05-02 15:00:00,394.21,27.65,50.74,Dubai_Industrial_Zone_1
2026-05-02 15:30:00,389.04,22.97,60.0,Dubai_Industrial_Zone_1
2026-05-02 16:00:00,383.13,24.04,45.08,Dubai_Industrial_Zone_1
2026-05-02 16:30:00,384.66,22.57,43.39,Dubai_Industrial_Zone_1
2026-05-02 17:00:00,382.76,22.6,59.3,Dubai_Industrial_Zone_1
2026-05-02 17:30:00,378.8,22.02,48.75,Dubai_Industrial_Zone_1
2026-05-02 18:00:00,376.46,23.87,45.37,Dubai_Industrial_Zone_1
2026-05-02 18:30:00,382.74,24.45,52.35,Dubai_Industrial_Zone_1
2026-05-02 19:00:00,388.47,25.97,33.78,Dubai_Industrial_Zone_1
2026-05-02 19:30:00,389.45,25.76,56.74,Dubai_Industrial_Zone_1
2026-05-02 20:00:00,381.4,21.68,30.18,Dubai_Industrial_Zone_1
2026-05-02 20:30:00,374.73,27.66,27.89,Dubai_Industrial_Zone_1
2026-05-02 21:00:00,387.46,26.74,60.0,Dubai_Industrial_Zone_1
2026-05-02 21:30:00,392.9,29.88,41.62,Dubai_Industrial_Zone_1
2026-05-02 22:00:00,402.89,24.89,34.96,Dubai_Industrial_Zone_1
2026-05-02 22:30:00,389.28,33.54,26.19,Dubai_Industrial_Zone_1
2026-05-02 23:00:00,400.18,27.08,27.47,Dubai_Industrial_Zone_1
2026-05-02 23:30:00,418.53,31.79,34.93,Dubai_Industrial_Zone_1
2026-05-03 00:00:00,417.33,32.13,37.58,Dubai_Industrial_Zone_1
2026-05-03 00:30:00,408.08,33.56,48.59,Dubai_Industrial_Zone_1
2026-05-03 01:00:00,411.13,34.08,57.08,Dubai_Industrial_Zone_1
2026-05-03 01:30:00,435.0,33.54,49.98,Dubai_Industrial_Zone_1
2026-05-03 02:00:00,417.32,34.36,32.68,Dubai_Industrial_Zone_1
2026-05-03 02:30:00,432.86,34.39,34.86,Dubai_Industrial_Zone_1
2026-05-03 03:00:00,429.65,37.4,34.09,Dubai_Industrial_Zone_1
2026-05-03 03:30:00,442.42,37.75,20.0,Dubai_Industrial_Zone_1
2026-05-03 04:00:00,445.03,37.74,35.02,Dubai_Industrial_Zone_1
2026-05-03 04:30:00,431.05,39.1,27.27,Dubai_Industrial_Zone_1
2026-05-03 05:00:00,440.4,38.6,31.49,Dubai_Industrial_Zone_1
2026-05-03 05:30:00,448.06,38.81,43.84,Dubai_Industrial_Zone_1
2026-05-03 06:00:00,445.54,43.4,29.04,Dubai_Industrial_Zone_1
2026-05-03 06:30:00,444.69,42.18,31.33,Dubai_Industrial_Zone_1
2026-05-03 07:00:00,436.62,34.78,35.33,Dubai_Industrial_Zone_1
2026-05-03 07:30:00,434.06,35.69,29.9,Dubai_Industrial_Zone_1
2026-05-03 08:00:00,435.69,38.99,33.31,Dubai_Industrial_Zone_1
2026-05-03 08:30:00,437.82,39.02,46.01,Dubai_Industrial_Zone_1
2026-05-03 09:00:00,432.28,35.91,42.26,Dubai_Industrial_Zone_1
2026-05-03 09:30:00,429.58,37.73,43.87,Dubai_Industrial_Zone_1
2026-05-03 10:00:00,424.68,35.07,57.47,Dubai_Industrial_Zone_1
2026-05-03 10:30:00,420.17,41.37,39.49,Dubai_Industrial_Zone_1
2026-05-03 11:00:00,420.16,33.4,57.06,Dubai_Industrial_Zone_1
2026-05-03 11:30:00,418.44,31.33,52.99,Dubai_Industrial_Zone_1
2026-05-03 12:00:00,416.42,33.8,54.68,Dubai_Industrial_Zone_1
2026-05-03 12:30:00,404.41,29.81,54.2,Dubai_Industrial_Zone_1
2026-05-03 13:00:00,407.84,30.0,42.88,Dubai_Industrial_Zone_1
2026-05-03 13:30:00,392.25,27.45,39.75,Dubai_Industrial_Zone_1
2026-05-03 14:00:00,397.52,29.27,37.19,Dubai_Industrial_Zone_1
2026-05-03 14:30:00,387.08,25.74,39.47,Dubai_Industrial_Zone_1
2026-05-03 15:00:00,391.16,24.82,43.65,Dubai_Industrial_Zone_1
2026-05-03 15:30:00,382.66,25.93,60.0,Dubai_Industrial_Zone_1
2026-05-03 16:00:00,386.76,22.85,50.37,Dubai_Industrial_Zone_1
2026-05-03 16:30:00,387.68,24.29,30.54,Dubai_Industrial_Zone_1
2026-05-03 17:00:00,375.09,26.55,37.48,Dubai_Industrial_Zone_1
2026-05-03 17:30:00,375.53,23.63,45.27,Dubai_Industrial_Zone_1
2026-05-03 18:00:00,370.58,18.48,57.24,Dubai_Industrial_Zone_1
2026-05-03 18:30:00,379.92,23.26,54.02,Dubai_Industrial_Zone_1
2026-05-03 19:00:00,379.87,27.13,50.3,Dubai_Industrial_Zone_1
2026-05-03 19:30:00,385.07,25.03,52.03,Dubai_Industrial_Zone_1
2026-05-03 20:00:00,384.57,23.31,36.95,Dubai_Industrial_Zone_1
2026-05-03 20:30:00,388.91,24.92,30.53,Dubai_Industrial_Zone_1
2026-05-03 21:00:00,390.62,27.03,60.0,Dubai_Industrial_Zone_1
2026-05-03 21:30:00,398.57,28.78,28.74,Dubai_Industrial_Zone_1
2026-05-03 22:00:00,385.31,32.99,39.98,Dubai_Industrial_Zone_1
2026-05-03 22:30:00,399.44,27.19,50.98,Dubai_Industrial_Zone_1
2026-05-03 23:00:00,401.96,28.54,56.08,Dubai_Industrial_Zone_1
2026-05-03 23:30:00,409.57,32.28,43.16,Dubai_Industrial_Zone_1
2026-05-04 00:00:00,412.6,30.83,27.88,Dubai_Industrial_Zone_1
2026-05-04 00:30:00,411.45,36.21,50.31,Dubai_Industrial_Zone_1
2026-05-04 01:00:00,418.63,35.53,51.32,Dubai_Industrial_Zone_1
2026-05-04 01:30:00,426.62,31.88,51.47,Dubai_Industrial_Zone_1
2026-05-04 02:00:00,420.05,30.91,59.1,Dubai_Industrial_Zone_1
2026-05-04 02:30:00,426.72,36.63,39.47,Dubai_Industrial_Zone_1
2026-05-04 03:00:00,427.12,39.04,30.87,Dubai_Industrial_Zone_1
2026-05-04 03:30:00,425.2,38.48,20.0,Dubai_Industrial_Zone_1
2026-05-04 04:00:00,445.84,41.26,20.0,Dubai_Industrial_Zone_1
2026-05-04 04:30:00,435.43,37.82,43.15,Dubai_Industrial_Zone_1
2026-05-04 05:00:00,439.93,40.39,48.27,Dubai_Industrial_Zone_1
2026-05-04 05:30:00,445.78,40.6,30.93,Dubai_Industrial_Zone_1
2026-05-04 06:00:00,442.76,39.66,20.81,Dubai_Industrial_Zone_1
2026-05-04 06:30:00,444.53,39.68,42.18,Dubai_Industrial_Zone_1
2026-05-04 07:00:00,431.4,40.01,48.9,Dubai_Industrial_Zone_1
2026-05-04 07:30:00,436.19,39.23,30.15,Dubai_Industrial_Zone_1
2026-05-04 08:00:00,441.49,40.24,52.71,Dubai_Industrial_Zone_1
2026-05-04 08:30:00,432.7,35.4,28.82,Dubai_Industrial_Zone_1
2026-05-04 09:00:00,433.53,36.16,35.87,Dubai_Industrial_Zone_1
2026-05-04 09:30:00,431.41,34.93,20.0,Dubai_Industrial_Zone_1
2026-05-04 10:00:00,424.75,36.9,29.22,Dubai_Industrial_Zone_1
2026-05-04 10:30:00,428.42,35.04,43.84,Dubai_Industrial_Zone_1
2026-05-04 11:00:00,423.28,33.55,21.06,Dubai_Industrial_Zone_1
2026-05-04 11:30:00,419.31,35.14,43.48,Dubai_Industrial_Zone_1
2026-05-04 12:00:00,411.71,29.49,39.29,Dubai_Industrial_Zone_1
2026-05-04 12:30:00,410.37,33.52,25.09,Dubai_Industrial_Zone_1
2026-05-04 13:00:00,399.95,30.95,24.25,Dubai_Industrial_Zone_1
2026-05-04 13:30:00,407.19,30.32,57.16,Dubai_Industrial_Zone_1
2026-05-04 14:00:00,395.98,31.24,28.61,Dubai_Industrial_Zone_1
2026-05-04 14:30:00,381.73,28.94,39.17,Dubai_Industrial_Zone_1
2026-05-04 15:00:00,383.32,26.67,55.67,Dubai_Industrial_Zone_1
2026-05-04 15:30:00,381.99,27.64,45.13,Dubai_Industrial_Zone_1
2026-05-04 16:00:00,379.61,26.56,39.81,Dubai_Industrial_Zone_1
2026-05-04 16:30:00,380.51,24.31,36.67,Dubai_Industrial_Zone_1
2026-05-04 17:00:00,376.81,24.45,47.98,Dubai_Industrial_Zone_1
2026-05-04 17:30:00,386.62,25.9,52.02,Dubai_Industrial_Zone_1
2026-05-04 18:00:00,385.34,26.36,47.82,Dubai_Industrial_Zone_1
2026-05-04 18:30:00,383.41,24.95,41.56,Dubai_Industrial_Zone_1
2026-05-04 19:00:00,376.66,22.08,34.93,Dubai_Industrial_Zone_1
2026-05-04 19:30:00,372.18,27.27,46.62,Dubai_Industrial_Zone_1
2026-05-04 20:00:00,372.8,26.86,48.36,Dubai_Industrial_Zone_1
2026-05-04 20:30:00,381.11,24.54,49.85,Dubai_Industrial_Zone_1
2026-05-04 21:00:00,389.36,27.38,40.28,Dubai_Industrial_Zone_1
2026-05-04 21:30:00,386.69,26.16,60.0,Dubai_Industrial_Zone_1
2026-05-04 22:00:00,399.22,27.61,55.48,Dubai_Industrial_Zone_1
2026-05-04 22:30:00,401.33,34.6,25.6,Dubai_Industrial_Zone_1
2026-05-04 23:00:00,393.76,28.67,24.9,Dubai_Industrial_Zone_1
2026-05-04 23:30:00,409.46,28.61,47.07,Dubai_Industrial_Zone_1
2026-05-05 00:00:00,406.5,32.3,54.63,Dubai_Industrial_Zone_1
2026-05-05 00:30:00,413.86,33.98,55.34,Dubai_Industrial_Zone_1
2026-05-05 01:00:00,411.19,34.17,33.89,Dubai_Industrial_Zone_1
2026-05-05 01:30:00,426.87,34.65,48.68,Dubai_Industrial_Zone_1
2026-05-05 02:00:00,428.67,35.48,33.34,Dubai_Industrial_Zone_1
2026-05-05 02:30:00,433.35,41.95,20.0,Dubai_Industrial_Zone_1
2026-05-05 03:00:00,428.58,32.46,36.71,Dubai_Industrial_Zone_1
2026-05-05 03:30:00,436.91,38.12,29.76,Dubai_Industrial_Zone_1
2026-05-05 04:00:00,428.77,36.2,36.42,Dubai_Industrial_Zone_1
2026-05-05 04:30:00,436.28,39.3,48.48,Dubai_Industrial_Zone_1
2026-05-05 05:00:00,434.37,36.4,49.29,Dubai_Industrial_Zone_1
2026-05-05 05:30:00,436.26,40.45,20.0,Dubai_Industrial_Zone_1
2026-05-05 06:00:00,441.49,39.95,51.66,Dubai_Industrial_Zone_1
2026-05-05 06:30:00,440.34,43.66,35.39,Dubai_Industrial_Zone_1
2026-05-05 07:00:00,435.1,34.74,27.1,Dubai_Industrial_Zone_1
2026-05-05 07:30:00,442.58,43.1,23.63,Dubai_Industrial_Zone_1
2026-05-05 08:00:00,431.02,42.84,49.46,Dubai_Industrial_Zone_1
2026-05-05 08:30:00,441.58,38.75,44.43,Dubai_Industrial_Zone_1
2026-05-05 09:00:00,434.75,37.43,30.41,Dubai_Industrial_Zone_1
2026-05-05 09:30:00,429.21,35.46,42.09,Dubai_Industrial_Zone_1
2026-05-05 10:00:00,428.62,35.9,34.1,Dubai_Industrial_Zone_1
2026-05-05 10:30:00,420.17,35.86,22.96,Dubai_Industrial_Zone_1
2026-05-05 11:00:00,415.04,35.47,35.71,Dubai_Industrial_Zone_1
2026-05-05 11:30:00,404.57,30.58,21.65,Dubai_Industrial_Zone_1
2026-05-05 12:00:00,408.67,30.7,33.77,Dubai_Industrial_Zone_1
2026-05-05 12:30:00,403.27,28.62,35.83,Dubai_Industrial_Zone_1
2026-05-05 13:00:00,403.46,28.57,28.45,Dubai_Industrial_Zone_1
2026-05-05 13:30:00,395.23,30.03,51.46,Dubai_Industrial_Zone_1
2026-05-05 14:00:00,395.18,27.71,29.65,Dubai_Industrial_Zone_1
2026-05-05 14:30:00,388.48,27.1,37.03,Dubai_Industrial_Zone_1
2026-05-05 15:00:00,390.72,25.11,60.0,Dubai_Industrial_Zone_1
2026-05-05 15:30:00,382.46,25.55,39.08,Dubai_Industrial_Zone_1
2026-05-05 16:00:00,386.65,21.68,55.91,Dubai_Industrial_Zone_1
2026-05-05 16:30:00,380.93,27.02,50.09,Dubai_Industrial_Zone_1
2026-05-05 17:00:00,386.91,20.56,60.0,Dubai_Industrial_Zone_1
2026-05-05 17:30:00,373.72,22.59,44.9,Dubai_Industrial_Zone_1
2026-05-05 18:00:00,380.92,25.85,36.02,Dubai_Industrial_Zone_1
2026-05-05 18:30:00,376.55,29.54,48.15,Dubai_Industrial_Zone_1
2026-05-05 19:00:00,380.3,22.04,57.8,Dubai_Industrial_Zone_1
2026-05-05 19:30:00,382.33,24.41,40.55,Dubai_Industrial_Zone_1
2026-05-05 20:00:00,386.74,24.45,59.45,Dubai_Industrial_Zone_1
2026-05-05 20:30:00,385.97,27.03,47.9,Dubai_Industrial_Zone_1
2026-05-05 21:00:00,388.29,29.92,56.5,Dubai_Industrial_Zone_1
2026-05-05 21:30:00,387.11,29.45,31.12,Dubai_Industrial_Zone_1
2026-05-05 22:00:00,400.73,27.25,60.0,Dubai_Industrial_Zone_1
2026-05-05 22:30:00,399.88,28.56,47.12,Dubai_Industrial_Zone_1
2026-05-05 23:00:00,409.43,27.67,53.96,Dubai_Industrial_Zone_1
2026-05-05 23:30:00,409.72,30.57,41.05,Dubai_Industrial_Zone_1
2026-05-06 00:00:00,410.68,31.15,32.45,Dubai_Industrial_Zone_1
2026-05-06 00:30:00,414.8,30.11,44.54,Dubai_Industrial_Zone_1
2026-05-06 01:00:00,410.35,34.5,42.85,Dubai_Industrial_Zone_1
2026-05-06 01:30:00,412.73,35.79,20.0,Dubai_Industrial_Zone_1
2026-05-06 02:00:00,429.81,35.47,27.51,Dubai_Industrial_Zone_1
2026-05-06 02:30:00,426.52,34.02,32.74,Dubai_Industrial_Zone_1
2026-05-06 03:00:00,433.63,32.82,43.86,Dubai_Industrial_Zone_1
2026-05-06 03:30:00,436.38,36.14,39.48,Dubai_Industrial_Zone_1
2026-05-06 04:00:00,443.56,41.88,29.25,Dubai_Industrial_Zone_1
2026-05-06 04:30:00,440.73,39.5,39.22,Dubai_Industrial_Zone_1
2026-05-06 05:00:00,439.17,38.95,23.67,Dubai_Industrial_Zone_1
2026-05-06 05:30:00,437.5,38.87,35.19,Dubai_Industrial_Zone_1
2026-05-06 06:00:00,440.22,39.88,20.0,Dubai_Industrial_Zone_1
2026-05-06 06:30:00,443.04,37.01,45.55,Dubai_Industrial_Zone_1
2026-05-06 07:00:00,442.63,41.14,20.0,Dubai_Industrial_Zone_1
2026-05-06 07:30:00,431.46,40.79,34.11,Dubai_Industrial_Zone_1
2026-05-06 08:00:00,442.11,39.48,20.0,Dubai_Industrial_Zone_1
2026-05-06 08:30:00,434.4,40.82,45.45,Dubai_Industrial_Zone_1
2026-05-06 09:00:00,425.92,38.55,40.21,Dubai_Industrial_Zone_1
2026-05-06 09:30:00,435.67,36.2,43.53,Dubai_Industrial_Zone_1
2026-05-06 10:00:00,438.0,38.0,42.56,Dubai_Industrial_Zone_1
2026-05-06 10:30:00,419.85,34.93,25.49,Dubai_Industrial_Zone_1
2026-05-06 11:00:00,419.22,32.75,36.48,Dubai_Industrial_Zone_1
2026-05-06 11:30:00,416.79,32.78,21.11,Dubai_Industrial_Zone_1
2026-05-06 12:00:00,410.07,34.61,54.67,Dubai_Industrial_Zone_1
2026-05-06 12:30:00,405.59,33.05,21.1,Dubai_Industrial_Zone_1
2026-05-06 13:00:00,401.44,30.57,56.14,Dubai_Industrial_Zone_1
2026-05-06 13:30:00,394.68,28.72,24.84,Dubai_Industrial_Zone_1
2026-05-06 14:00:00,398.91,28.49,41.12,Dubai_Industrial_Zone_1
2026-05-06 14:30:00,391.83,25.79,50.58,Dubai_Industrial_Zone_1
2026-05-06 15:00:00,387.84,23.95,37.97,Dubai_Industrial_Zone_1
2026-05-06 15:30:00,389.88,19.07,56.14,Dubai_Industrial_Zone_1
2026-05-06 16:00:00,386.4,22.47,49.7,Dubai_Industrial_Zone_1
2026-05-06 16:30:00,392.58,24.58,60.0,Dubai_Industrial_Zone_1
2026-05-06 17:00:00,383.64,21.48,60.0,Dubai_Industrial_Zone_1
2026-05-06 17:30:00,379.79,22.22,56.33,Dubai_Industrial_Zone_1
2026-05-06 18:00:00,374.5,23.53,33.94,Dubai_Industrial_Zone_1
2026-05-06 18:30:00,377.9,23.73,60.0,Dubai_Industrial_Zone_1
2026-05-06 19:00:00,385.86,24.93,32.05,Dubai_Industrial_Zone_1
2026-05-06 19:30:00,376.97,25.46,51.04,Dubai_Industrial_Zone_1
2026-05-06 20:00:00,390.64,22.46,56.75,Dubai_Industrial_Zone_1
2026-05-06 20:30:00,386.72,28.0,30.25,Dubai_Industrial_Zone_1
2026-05-06 21:00:00,382.16,27.16,60.0,Dubai_Industrial_Zone_1
2026-05-06 21:30:00,395.67,27.44,33.41,Dubai_Industrial_Zone_1
2026-05-06 22:00:00,403.0,26.44,55.27,Dubai_Industrial_Zone_1
2026-05-06 22:30:00,400.61,26.83,60.0,Dubai_Industrial_Zone_1
2026-05-06 23:00:00,389.16,29.09,25.02,Dubai_Industrial_Zone_1
2026-05-06 23:30:00,405.95,33.74,53.59,Dubai_Industrial_Zone_1
2026-05-07 00:00:00,406.73,30.24,54.34,Dubai_Industrial_Zone_1
2026-05-07 00:30:00,416.82,37.66,40.78,Dubai_Industrial_Zone_1
2026-05-07 01:00:00,414.63,35.27,47.65,Dubai_Industrial_Zone_1
2026-05-07 01:30:00,421.09,33.84,24.63,Dubai_Industrial_Zone_1
2026-05-07 02:00:00,424.28,36.68,35.19,Dubai_Industrial_Zone_1
2026-05-07 02:30:00,432.86,38.06,44.36,Dubai_Industrial_Zone_1
2026-05-07 03:00:00,426.29,39.1,20.0,Dubai_Industrial_Zone_1
2026-05-07 03:30:00,432.67,39.57,21.81,Dubai_Industrial_Zone_1
2026-05-07 04:00:00,441.4,37.36,42.35,Dubai_Industrial_Zone_1
2026-05-07 04:30:00,435.45,45.94,34.65,Dubai_Industrial_Zone_1
2026-05-07 05:00:00,439.65,40.54,30.92,Dubai_Industrial_Zone_1
2026-05-07 05:30:00,439.92,41.45,20.0,Dubai_Industrial_Zone_1
2026-05-07 06:00:00,438.24,42.1,46.18,Dubai_Industrial_Zone_1
2026-05-07 06:30:00,425.48,38.24,41.21,Dubai_Industrial_Zone_1
2026-05-07 07:00:00,441.3,40.69,20.0,Dubai_Industrial_Zone_1
2026-05-07 07:30:00,437.03,40.88,20.0,Dubai_Industrial_Zone_1
2026-05-07 08:00:00,439.78,37.25,36.03,Dubai_Industrial_Zone_1
2026-05-07 08:30:00,426.44,36.91,35.51,Dubai_Industrial_Zone_1
2026-05-07 09:00:00,436.95,34.97,56.24,Dubai_Industrial_Zone_1
2026-05-07 09:30:00,424.39,37.7,31.58,Dubai_Industrial_Zone_1
2026-05-07 10:00:00,421.86,33.22,46.79,Dubai_Industrial_Zone_1
2026-05-07 10:30:00,420.67,37.78,22.43,Dubai_Industrial_Zone_1
2026-05-07 11:00:00,424.83,33.52,20.0,Dubai_Industrial_Zone_1
2026-05-07 11:30:00,417.16,29.81,47.87,Dubai_Industrial_Zone_1
2026-05-07 12:00:00,408.88,36.59,33.16,Dubai_Industrial_Zone_1
2026-05-07 12:30:00,408.56,32.45,44.52,Dubai_Industrial_Zone_1
2026-05-07 13:00:00,393.3,31.98,42.18,Dubai_Industrial_Zone_1
2026-05-07 13:30:00,400.15,27.47,34.91,Dubai_Industrial_Zone_1
2026-05-07 14:00:00,395.22,29.96,54.44,Dubai_Industrial_Zone_1
2026-05-07 14:30:00,392.61,25.31,60.0,Dubai_Industrial_Zone_1
2026-05-07 15:00:00,396.73,25.15,45.16,Dubai_Industrial_Zone_1
2026-05-07 15:30:00,375.92,25.06,42.0,Dubai_Industrial_Zone_1
2026-05-07 16:00:00,384.65,23.45,27.04,Dubai_Industrial_Zone_1
2026-05-07 16:30:00,380.76,22.91,48.99,Dubai_Industrial_Zone_1
2026-05-07 17:00:00,375.7,25.27,26.42,Dubai_Industrial_Zone_1
2026-05-07 17:30:00,378.49,23.5,40.27,Dubai_Industrial_Zone_1
2026-05-07 18:00:00,380.68,24.17,46.13,Dubai_Industrial_Zone_1
2026-05-07 18:30:00,381.58,26.36,27.75,Dubai_Industrial_Zone_1
2026-05-07 19:00:00,375.48,23.49,48.0,Dubai_Industrial_Zone_1
2026-05-07 19:30:00,381.19,25.36,49.7,Dubai_Industrial_Zone_1
2026-05-07 20:00:00,387.74,27.04,27.04,Dubai_Industrial_Zone_1
2026-05-07 20:30:00,386.02,26.99,59.34,Dubai_Industrial_Zone_1
2026-05-07 21:00:00,385.13,29.25,38.0,Dubai_Industrial_Zone_1
2026-05-07 21:30:00,394.69,28.44,44.16,Dubai_Industrial_Zone_1
2026-05-07 22:00:00,394.97,26.26,53.72,Dubai_Industrial_Zone_1
2026-05-07 22:30:00,401.88,27.4,24.22,Dubai_Industrial_Zone_1
2026-05-07 23:00:00,406.49,28.79,35.76,Dubai_Industrial_Zone_1
2026-05-07 23:30:00,403.4,29.06,47.28,Dubai_Industrial_Zone_1
2026-05-08 00:00:00,412.35,32.15,53.17,Dubai_Industrial_Zone_1
2026-05-08 00:30:00,398.06,33.13,21.62,Dubai_Industrial_Zone_1
2026-05-08 01:00:00,417.3,33.39,21.12,Dubai_Industrial_Zone_1
2026-05-08 01:30:00,426.2,33.11,31.66,Dubai_Industrial_Zone_1
2026-05-08 02:00:00,426.94,32.7,25.33,Dubai_Industrial_Zone_1
2026-05-08 02:30:00,431.43,37.75,42.02,Dubai_Industrial_Zone_1
2026-05-08 03:00:00,426.06,38.12,42.11,Dubai_Industrial_Zone_1
2026-05-08 03:30:00,427.25,39.48,28.66,Dubai_Industrial_Zone_1
2026-05-08 04:00:00,439.01,37.91,27.07,Dubai_Industrial_Zone_1
2026-05-08 04:30:00,447.51,38.94,22.61,Dubai_Industrial_Zone_1
2026-05-08 05:00:00,441.91,39.28,20.0,Dubai_Industrial_Zone_1
2026-05-08 05:30:00,435.96,38.09,54.22,Dubai_Industrial_Zone_1
2026-05-08 06:00:00,440.95,41.03,21.01,Dubai_Industrial_Zone_1
2026-05-08 06:30:00,438.9,37.25,40.68,Dubai_Industrial_Zone_1
2026-05-08 07:00:00,446.58,40.26,39.7,Dubai_Industrial_Zone_1
2026-05-08 07:30:00,435.03,36.55,50.75,Dubai_Industrial_Zone_1
2026-05-08 08:00:00,437.33,40.18,25.54,Dubai_Industrial_Zone_1
2026-05-08 08:30:00,435.16,40.72,34.75,Dubai_Industrial_Zone_1
2026-05-08 09:00:00,432.59,35.83,32.08,Dubai_Industrial_Zone_1
2026-05-08 09:30:00,425.09,34.27,41.19,Dubai_Industrial_Zone_1
2026-05-08 10:00:00,422.79,33.41,50.65,Dubai_Industrial_Zone_1
2026-05-08 10:30:00,423.8,37.99,37.15,Dubai_Industrial_Zone_1
2026-05-08 11:00:00,423.44,34.77,40.99,Dubai_Industrial_Zone_1
2026-05-08 11:30:00,410.91,30.81,48.89,Dubai_Industrial_Zone_1
2026-05-08 12:00:00,406.42,31.57,33.72,Dubai_Industrial_Zone_1
2026-05-08 12:30:00,411.48,33.61,50.02,Dubai_Industrial_Zone_1
2026-05-08 13:00:00,404.15,30.01,21.91,Dubai_Industrial_Zone_1
2026-05-08 13:30:00,398.57,30.42,52.03,Dubai_Industrial_Zone_1
2026-05-08 14:00:00,392.77,30.24,47.16,Dubai_Industrial_Zone_1
2026-05-08 14:30:00,386.88,26.1,52.35,Dubai_Industrial_Zone_1
2026-05-08 15:00:00,390.41,24.64,41.97,Dubai_Industrial_Zone_1
2026-05-08 15:30:00,384.46,25.51,49.35,Dubai_Industrial_Zone_1
2026-05-08 16:00:00,389.97,26.56,60.0,Dubai_Industrial_Zone_1
2026-05-08 16:30:00,385.14,25.74,36.81,Dubai_Industrial_Zone_1
2026-05-08 17:00:00,375.37,20.89,52.11,Dubai_Industrial_Zone_1
2026-05-08 17:30:00,391.12,23.32,43.22,Dubai_Industrial_Zone_1
2026-05-08 18:00:00,375.06,23.21,35.9,Dubai_Industrial_Zone_1
2026-05-08 18:30:00,376.8,29.56,28.04,Dubai_Industrial_Zone_1
2026-05-08 19:00:00,376.86,25.88,35.28,Dubai_Industrial_Zone_1
2026-05-08 19:30:00,386.31,23.91,47.1,Dubai_Industrial_Zone_1
2026-05-08 20:00:00,388.8,22.5,36.17,Dubai_Industrial_Zone_1
2026-05-08 20:30:00,380.05,25.01,32.23,Dubai_Industrial_Zone_1
2026-05-08 21:00:00,394.24,27.01,26.5,Dubai_Industrial_Zone_1
2026-05-08 21:30:00,398.45,30.04,32.66,Dubai_Industrial_Zone_1
2026-05-08 22:00:00,392.9,27.02,48.68,Dubai_Industrial_Zone_1
2026-05-08 22:30:00,391.23,27.5,39.33,Dubai_Industrial_Zone_1
2026-05-08 23:00:00,400.62,28.89,51.07,Dubai_Industrial_Zone_1
2026-05-08 23:30:00,408.08,29.57,45.46,Dubai_Industrial_Zone_1
2026-05-09 00:00:00,402.56,34.85,46.84,Dubai_Industrial_Zone_1
2026-05-09 00:30:00,420.03,31.15,24.28,Dubai_Industrial_Zone_1
2026-05-09 01:00:00,413.56,35.39,30.76,Dubai_Industrial_Zone_1
2026-05-09 01:30:00,432.27,33.4,30.43,Dubai_Industrial_Zone_1
2026-05-09 02:00:00,434.86,38.67,20.0,Dubai_Industrial_Zone_1
2026-05-09 02:30:00,431.15,39.95,53.13,Dubai_Industrial_Zone_1
2026-05-09 03:00:00,428.49,37.69,34.97,Dubai_Industrial_Zone_1
2026-05-09 03:30:00,433.92,40.65,20.0,Dubai_Industrial_Zone_1
2026-05-09 04:00:00,434.29,39.39,45.96,Dubai_Industrial_Zone_1
2026-05-09 04:30:00,432.62,40.49,34.44,Dubai_Industrial_Zone_1
2026-05-09 05:00:00,449.3,41.74,25.14,Dubai_Industrial_Zone_1
2026-05-09 05:30:00,430.75,43.19,38.06,Dubai_Industrial_Zone_1
2026-05-09 06:00:00,434.99,38.52,54.0,Dubai_Industrial_Zone_1
2026-05-09 06:30:00,440.7,40.37,35.67,Dubai_Industrial_Zone_1
2026-05-09 07:00:00,438.64,40.12,20.0,Dubai_Industrial_Zone_1
2026-05-09 07:30:00,435.36,37.76,33.62,Dubai_Industrial_Zone_1
2026-05-09 08:00:00,433.48,37.88,21.75,Dubai_Industrial_Zone_1
2026-05-09 08:30:00,437.4,38.65,26.27,Dubai_Industrial_Zone_1
2026-05-09 09:00:00,428.9,36.62,25.26,Dubai_Industrial_Zone_1
2026-05-09 09:30:00,429.54,39.34,43.79,Dubai_Industrial_Zone_1
2026-05-09 10:00:00,429.1,36.72,47.13,Dubai_Industrial_Zone_1
2026-05-09 10:30:00,423.51,35.89,55.74,Dubai_Industrial_Zone_1
2026-05-09 11:00:00,418.13,36.13,46.15,Dubai_Industrial_Zone_1
2026-05-09 11:30:00,413.91,35.35,28.33,Dubai_Industrial_Zone_1
2026-05-09 12:00:00,407.18,32.87,53.83,Dubai_Industrial_Zone_1
2026-05-09 12:30:00,405.25,31.03,51.15,Dubai_Industrial_Zone_1
2026-05-09 13:00:00,397.19,31.85,57.01,Dubai_Industrial_Zone_1
2026-05-09 13:30:00,400.34,28.79,42.31,Dubai_Industrial_Zone_1
2026-05-09 14:00:00,396.41,26.58,49.99,Dubai_Industrial_Zone_1
2026-05-09 14:30:00,396.07,25.52,30.62,Dubai_Industrial_Zone_1
2026-05-09 15:00:00,387.24,27.2,58.82,Dubai_Industrial_Zone_1
2026-05-09 15:30:00,380.8,28.5,58.33,Dubai_Industrial_Zone_1
2026-05-09 16:00:00,385.2,23.91,60.0,Dubai_Industrial_Zone_1
2026-05-09 16:30:00,383.42,24.42,30.85,Dubai_Industrial_Zone_1
2026-05-09 17:00:00,384.05,24.1,35.0,Dubai_Industrial_Zone_1
2026-05-09 17:30:00,382.6,22.31,60.0,Dubai_Industrial_Zone_1
2026-05-09 18:00:00,380.46,24.38,56.23,Dubai_Industrial_Zone_1
2026-05-09 18:30:00,376.51,23.49,39.04,Dubai_Industrial_Zone_1
2026-05-09 19:00:00,380.88,21.89,45.71,Dubai_Industrial_Zone_1
2026-05-09 19:30:00,381.23,25.94,53.75,Dubai_Industrial_Zone_1
2026-05-09 20:00:00,391.29,25.89,43.07,Dubai_Industrial_Zone_1
2026-05-09 20:30:00,386.56,23.31,27.23,Dubai_Industrial_Zone_1
2026-05-09 21:00:00,383.1,22.67,36.96,Dubai_Industrial_Zone_1
2026-05-09 21:30:00,398.22,25.83,49.63,Dubai_Industrial_Zone_1
2026-05-09 22:00:00,392.94,29.31,35.86,Dubai_Industrial_Zone_1
2026-05-09 22:30:00,397.13,27.14,54.89,Dubai_Industrial_Zone_1
2026-05-09 23:00:00,400.58,30.43,50.49,Dubai_Industrial_Zone_1
2026-05-09 23:30:00,400.96,29.49,44.01,Dubai_Industrial_Zone_1
2026-05-10 00:00:00,403.62,31.21,31.07,Dubai_Industrial_Zone_1
2026-05-10 00:30:00,411.17,33.43,35.95,Dubai_Industrial_Zone_1
2026-05-10 01:00:00,412.68,34.08,45.26,Dubai_Industrial_Zone_1
2026-05-10 01:30:00,420.31,36.38,49.33,Dubai_Industrial_Zone_1
2026-05-10 02:00:00,422.96,34.11,32.15,Dubai_Industrial_Zone_1
2026-05-10 02:30:00,427.58,36.37,28.92,Dubai_Industrial_Zone_1
2026-05-10 03:00:00,437.86,38.8,45.12,Dubai_Industrial_Zone_1
2026-05-10 03:30:00,440.19,38.29,48.59,Dubai_Industrial_Zone_1
2026-05-10 04:00:00,432.22,38.59,41.92,Dubai_Industrial_Zone_1
2026-05-10 04:30:00,437.16,42.11,36.96,Dubai_Industrial_Zone_1
2026-05-10 05:00:00,443.3,41.41,50.7,Dubai_Industrial_Zone_1
2026-05-10 05:30:00,449.09,41.92,23.75,Dubai_Industrial_Zone_1
2026-05-10 06:00:00,431.41,41.88,29.45,Dubai_Industrial_Zone_1
2026-05-10 06:30:00,442.65,42.33,31.36,Dubai_Industrial_Zone_1
2026-05-10 07:00:00,444.94,40.32,50.83,Dubai_Industrial_Zone_1
2026-05-10 07:30:00,443.33,39.1,20.0,Dubai_Industrial_Zone_1
2026-05-10 08:00:00,431.89,42.76,20.0,Dubai_Industrial_Zone_1
2026-05-10 08:30:00,440.9,36.99,41.82,Dubai_Industrial_Zone_1
2026-05-10 09:00:00,430.34,37.08,20.0,Dubai_Industrial_Zone_1
2026-05-10 09:30:00,424.82,38.54,37.1,Dubai_Industrial_Zone_1
2026-05-10 10:00:00,414.36,38.05,38.35,Dubai_Industrial_Zone_1
2026-05-10 10:30:00,414.72,30.59,34.05,Dubai_Industrial_Zone_1
2026-05-10 11:00:00,417.43,31.88,43.23,Dubai_Industrial_Zone_1
2026-05-10 11:30:00,409.21,34.05,46.22,Dubai_Industrial_Zone_1
2026-05-10 12:00:00,412.16,31.44,29.46,Dubai_Industrial_Zone_1
2026-05-10 12:30:00,406.88,32.3,48.66,Dubai_Industrial_Zone_1
2026-05-10 13:00:00,394.37,31.41,59.39,Dubai_Industrial_Zone_1
2026-05-10 13:30:00,405.14,26.99,60.0,Dubai_Industrial_Zone_1
2026-05-10 14:00:00,401.63,26.26,45.83,Dubai_Industrial_Zone_1
2026-05-10 14:30:00,388.1,29.75,53.77,Dubai_Industrial_Zone_1
2026-05-10 15:00:00,396.92,25.44,39.68,Dubai_Industrial_Zone_1
2026-05-10 15:30:00,393.95,24.98,44.27,Dubai_Industrial_Zone_1
2026-05-10 16:00:00,383.03,23.86,33.95,Dubai_Industrial_Zone_1
2026-05-10 16:30:00,385.87,20.27,42.88,Dubai_Industrial_Zone_1
2026-05-10 17:00:00,383.15,25.63,60.0,Dubai_Industrial_Zone_1
2026-05-10 17:30:00,383.12,23.34,56.45,Dubai_Industrial_Zone_1
2026-05-10 18:00:00,377.07,25.54,49.23,Dubai_Industrial_Zone_1
2026-05-10 18:30:00,379.84,24.25,46.43,Dubai_Industrial_Zone_1
2026-05-10 19:00:00,384.39,24.44,40.3,Dubai_Industrial_Zone_1
2026-05-10 19:30:00,375.02,22.19,60.0,Dubai_Industrial_Zone_1
2026-05-10 20:00:00,399.17,26.89,55.01,Dubai_Industrial_Zone_1
2026-05-10 20:30:00,400.07,26.93,57.68,Dubai_Industrial_Zone_1
2026-05-10 21:00:00,389.04,25.06,40.84,Dubai_Industrial_Zone_1
2026-05-10 21:30:00,392.39,24.59,57.77,Dubai_Industrial_Zone_1
2026-05-10 22:00:00,394.51,27.38,31.13,Dubai_Industrial_Zone_1
2026-05-10 22:30:00,395.3,29.31,46.43,Dubai_Industrial_Zone_1
2026-05-10 23:00:00,404.67,33.3,20.0,Dubai_Industrial_Zone_1
2026-05-10 23:30:00,402.9,26.99,52.09,Dubai_Industrial_Zone_1
2026-05-11 00:00:00,412.7,37.02,49.37,Dubai_Industrial_Zone_1
2026-05-11 00:30:00,405.45,34.42,53.05,Dubai_Industrial_Zone_1
2026-05-11 01:00:00,416.24,32.2,45.89,Dubai_Industrial_Zone_1
2026-05-11 01:30:00,427.31,32.16,23.39,Dubai_Industrial_Zone_1
2026-05-11 02:00:00,427.92,36.94,54.76,Dubai_Industrial_Zone_1
2026-05-11 02:30:00,425.96,36.87,43.38,Dubai_Industrial_Zone_1
2026-05-11 03:00:00,430.63,40.59,34.69,Dubai_Industrial_Zone_1
2026-05-11 03:30:00,433.9,39.31,51.94,Dubai_Industrial_Zone_1
2026-05-11 04:00:00,525.58,35.58,32.56,Dubai_Industrial_Zone_1
2026-05-11 04:30:00,527.39,39.18,25.78,Dubai_Industrial_Zone_1
2026-05-11 05:00:00,525.93,39.15,39.09,Dubai_Industrial_Zone_1
2026-05-11 05:30:00,528.32,38.17,34.97,Dubai_Industrial_Zone_1
2026-05-11 06:00:00,525.63,40.2,20.0,Dubai_Industrial_Zone_1
2026-05-11 06:30:00,520.71,40.45,20.0,Dubai_Industrial_Zone_1
2026-05-11 07:00:00,523.28,40.4,47.97,Dubai_Industrial_Zone_1
2026-05-11 07:30:00,440.11,39.83,51.5,Dubai_Industrial_Zone_1
2026-05-11 08:00:00,434.52,42.7,46.45,Dubai_Industrial_Zone_1
2026-05-11 08:30:00,437.03,37.68,25.61,Dubai_Industrial_Zone_1
2026-05-11 09:00:00,425.14,39.17,29.76,Dubai_Industrial_Zone_1
2026-05-11 09:30:00,425.04,38.41,33.84,Dubai_Industrial_Zone_1
2026-05-11 10:00:00,429.95,35.08,32.58,Dubai_Industrial_Zone_1
2026-05-11 10:30:00,416.59,34.79,48.92,Dubai_Industrial_Zone_1
2026-05-11 11:00:00,422.2,32.75,42.23,Dubai_Industrial_Zone_1
2026-05-11 11:30:00,427.48,33.39,25.79,Dubai_Industrial_Zone_1
2026-05-11 12:00:00,413.84,28.74,52.85,Dubai_Industrial_Zone_1
2026-05-11 12:30:00,406.03,34.75,21.97,Dubai_Industrial_Zone_1
2026-05-11 13:00:00,401.7,33.84,34.42,Dubai_Industrial_Zone_1
2026-05-11 13:30:00,398.07,28.76,59.9,Dubai_Industrial_Zone_1
2026-05-11 14:00:00,394.93,27.52,24.26,Dubai_Industrial_Zone_1
2026-05-11 14:30:00,396.15,28.47,49.03,Dubai_Industrial_Zone_1
2026-05-11 15:00:00,391.69,28.1,26.46,Dubai_Industrial_Zone_1
2026-05-11 15:30:00,385.37,26.7,51.6,Dubai_Industrial_Zone_1
2026-05-11 16:00:00,381.96,23.71,35.87,Dubai_Industrial_Zone_1
2026-05-11 16:30:00,382.04,25.53,34.63,Dubai_Industrial_Zone_1
2026-05-11 17:00:00,379.53,23.38,60.0,Dubai_Industrial_Zone_1
2026-05-11 17:30:00,387.01,19.45,53.66,Dubai_Industrial_Zone_1
2026-05-11 18:00:00,374.69,24.53,57.64,Dubai_Industrial_Zone_1
2026-05-11 18:30:00,383.16,21.34,57.36,Dubai_Industrial_Zone_1
2026-05-11 19:00:00,384.1,24.86,60.0,Dubai_Industrial_Zone_1
2026-05-11 19:30:00,388.1,26.77,37.99,Dubai_Industrial_Zone_1
2026-05-11 20:00:00,383.88,25.22,30.32,Dubai_Industrial_Zone_1
2026-05-11 20:30:00,377.9,28.57,52.04,Dubai_Industrial_Zone_1
2026-05-11 21:00:00,389.57,27.17,40.62,Dubai_Industrial_Zone_1
2026-05-11 21:30:00,385.19,26.47,37.79,Dubai_Industrial_Zone_1
2026-05-11 22:00:00,403.58,27.99,50.9,Dubai_Industrial_Zone_1
2026-05-11 22:30:00,403.43,28.58,54.8,Dubai_Industrial_Zone_1
2026-05-11 23:00:00,406.33,29.96,51.42,Dubai_Industrial_Zone_1
2026-05-11 23:30:00,413.5,34.99,22.71,Dubai_Industrial_Zone_1
2026-05-12 00:00:00,413.21,32.0,32.47,Dubai_Industrial_Zone_1
2026-05-12 00:30:00,418.01,29.36,37.11,Dubai_Industrial_Zone_1
2026-05-12 01:00:00,422.31,32.53,49.02,Dubai_Industrial_Zone_1
2026-05-12 01:30:00,422.05,31.92,26.91,Dubai_Industrial_Zone_1
2026-05-12 02:00:00,419.3,33.22,57.6,Dubai_Industrial_Zone_1
2026-05-12 02:30:00,432.36,35.78,28.06,Dubai_Industrial_Zone_1
2026-05-12 03:00:00,431.95,38.09,31.27,Dubai_Industrial_Zone_1
2026-05-12 03:30:00,439.98,39.02,27.53,Dubai_Industrial_Zone_1
2026-05-12 04:00:00,425.54,35.45,20.0,Dubai_Industrial_Zone_1
2026-05-12 04:30:00,428.28,38.28,34.1,Dubai_Industrial_Zone_1
2026-05-12 05:00:00,431.92,37.99,46.64,Dubai_Industrial_Zone_1
2026-05-12 05:30:00,438.15,41.77,31.84,Dubai_Industrial_Zone_1
2026-05-12 06:00:00,427.69,41.31,25.87,Dubai_Industrial_Zone_1
2026-05-12 06:30:00,436.68,41.71,44.47,Dubai_Industrial_Zone_1
2026-05-12 07:00:00,435.87,37.13,20.0,Dubai_Industrial_Zone_1
2026-05-12 07:30:00,425.25,36.27,27.86,Dubai_Industrial_Zone_1
2026-05-12 08:00:00,435.83,40.04,41.67,Dubai_Industrial_Zone_1
2026-05-12 08:30:00,432.9,37.24,21.74,Dubai_Industrial_Zone_1
2026-05-12 09:00:00,436.37,39.48,36.12,Dubai_Industrial_Zone_1
2026-05-12 09:30:00,424.69,34.4,41.39,Dubai_Industrial_Zone_1
2026-05-12 10:00:00,415.98,37.18,20.27,Dubai_Industrial_Zone_1
2026-05-12 10:30:00,420.67,35.96,51.23,Dubai_Industrial_Zone_1
2026-05-12 11:00:00,416.46,35.54,49.82,Dubai_Industrial_Zone_1
2026-05-12 11:30:00,410.44,29.41,31.21,Dubai_Industrial_Zone_1
2026-05-12 12:00:00,409.56,29.57,54.88,Dubai_Industrial_Zone_1
2026-05-12 12:30:00,409.88,30.63,31.45,Dubai_Industrial_Zone_1
2026-05-12 13:00:00,404.12,29.44,50.25,Dubai_Industrial_Zone_1
2026-05-12 13:30:00,401.12,28.79,60.0,Dubai_Industrial_Zone_1
2026-05-12 14:00:00,390.83,31.32,50.4,Dubai_Industrial_Zone_1
2026-05-12 14:30:00,395.32,31.21,31.64,Dubai_Industrial_Zone_1
2026-05-12 15:00:00,391.36,27.3,29.28,Dubai_Industrial_Zone_1
2026-05-12 15:30:00,384.46,28.55,59.52,Dubai_Industrial_Zone_1
2026-05-12 16:00:00,396.71,26.66,36.05,Dubai_Industrial_Zone_1
2026-05-12 16:30:00,382.37,20.72,50.6,Dubai_Industrial_Zone_1
2026-05-12 17:00:00,381.41,25.5,54.59,Dubai_Industrial_Zone_1
2026-05-12 17:30:00,373.96,23.73,34.96,Dubai_Industrial_Zone_1
2026-05-12 18:00:00,383.06,21.86,46.46,Dubai_Industrial_Zone_1
2026-05-12 18:30:00,375.13,23.88,33.43,Dubai_Industrial_Zone_1
2026-05-12 19:00:00,382.99,22.21,45.47,Dubai_Industrial_Zone_1
2026-05-12 19:30:00,381.52,24.49,41.74,Dubai_Industrial_Zone_1
2026-05-12 20:00:00,383.88,21.32,39.82,Dubai_Industrial_Zone_1
2026-05-12 20:30:00,395.02,20.34,46.77,Dubai_Industrial_Zone_1
2026-05-12 21:00:00,387.46,29.2,45.98,Dubai_Industrial_Zone_1
2026-05-12 21:30:00,398.24,27.12,50.47,Dubai_Industrial_Zone_1
2026-05-12 22:00:00,392.36,32.78,47.6,Dubai_Industrial_Zone_1
2026-05-12 22:30:00,391.01,28.36,36.19,Dubai_Industrial_Zone_1
2026-05-12 23:00:00,398.8,29.33,43.19,Dubai_Industrial_Zone_1
2026-05-12 23:30:00,408.57,30.12,38.61,Dubai_Industrial_Zone_1
2026-05-13 00:00:00,412.86,31.26,42.85,Dubai_Industrial_Zone_1
2026-05-13 00:30:00,411.08,34.15,22.46,Dubai_Industrial_Zone_1
2026-05-13 01:00:00,425.38,31.84,42.09,Dubai_Industrial_Zone_1
2026-05-13 01:30:00,405.95,35.11,53.12,Dubai_Industrial_Zone_1
2026-05-13 02:00:00,431.88,37.22,42.91,Dubai_Industrial_Zone_1
2026-05-13 02:30:00,424.99,34.58,40.21,Dubai_Industrial_Zone_1
2026-05-13 03:00:00,433.13,37.29,20.0,Dubai_Industrial_Zone_1
2026-05-13 03:30:00,427.67,39.35,43.7,Dubai_Industrial_Zone_1
2026-05-13 04:00:00,433.18,36.81,20.0,Dubai_Industrial_Zone_1
2026-05-13 04:30:00,435.22,39.0,29.08,Dubai_Industrial_Zone_1
2026-05-13 05:00:00,430.45,39.95,40.29,Dubai_Industrial_Zone_1
2026-05-13 05:30:00,438.78,38.27,26.37,Dubai_Industrial_Zone_1
2026-05-13 06:00:00,450.12,38.48,52.91,Dubai_Industrial_Zone_1
2026-05-13 06:30:00,429.76,38.05,54.13,Dubai_Industrial_Zone_1
2026-05-13 07:00:00,445.25,40.19,28.1,Dubai_Industrial_Zone_1
2026-05-13 07:30:00,440.31,40.23,46.96,Dubai_Industrial_Zone_1
2026-05-13 08:00:00,433.79,39.0,53.27,Dubai_Industrial_Zone_1
2026-05-13 08:30:00,434.88,36.86,41.61,Dubai_Industrial_Zone_1
2026-05-13 09:00:00,428.86,39.07,20.0,Dubai_Industrial_Zone_1
2026-05-13 09:30:00,429.47,38.77,24.55,Dubai_Industrial_Zone_1
2026-05-13 10:00:00,428.79,33.36,34.56,Dubai_Industrial_Zone_1
2026-05-13 10:30:00,423.78,34.17,32.53,Dubai_Industrial_Zone_1
2026-05-13 11:00:00,412.97,36.59,41.27,Dubai_Industrial_Zone_1
2026-05-13 11:30:00,416.54,34.19,25.49,Dubai_Industrial_Zone_1
2026-05-13 12:00:00,413.64,32.77,45.69,Dubai_Industrial_Zone_1
2026-05-13 12:30:00,399.49,34.97,32.54,Dubai_Industrial_Zone_1
2026-05-13 13:00:00,399.15,29.62,30.88,Dubai_Industrial_Zone_1
2026-05-13 13:30:00,397.64,26.14,53.39,Dubai_Industrial_Zone_1
2026-05-13 14:00:00,400.33,25.58,60.0,Dubai_Industrial_Zone_1
2026-05-13 14:30:00,401.18,28.19,44.48,Dubai_Industrial_Zone_1
2026-05-13 15:00:00,385.38,30.73,28.48,Dubai_Industrial_Zone_1
2026-05-13 15:30:00,386.37,23.63,38.86,Dubai_Industrial_Zone_1
2026-05-13 16:00:00,390.4,23.25,46.48,Dubai_Industrial_Zone_1
2026-05-13 16:30:00,390.34,25.01,59.68,Dubai_Industrial_Zone_1
2026-05-13 17:00:00,380.29,22.87,46.05,Dubai_Industrial_Zone_1
2026-05-13 17:30:00,383.63,24.48,55.91,Dubai_Industrial_Zone_1
2026-05-13 18:00:00,376.77,24.02,52.63,Dubai_Industrial_Zone_1
2026-05-13 18:30:00,384.91,25.59,54.07,Dubai_Industrial_Zone_1
2026-05-13 19:00:00,387.19,23.78,60.0,Dubai_Industrial_Zone_1
2026-05-13 19:30:00,387.44,23.57,36.92,Dubai_Industrial_Zone_1
2026-05-13 20:00:00,382.39,24.64,35.76,Dubai_Industrial_Zone_1
2026-05-13 20:30:00,387.89,27.52,38.66,Dubai_Industrial_Zone_1
2026-05-13 21:00:00,387.71,24.12,57.2,Dubai_Industrial_Zone_1
2026-05-13 21:30:00,393.18,27.81,26.54,Dubai_Industrial_Zone_1
2026-05-13 22:00:00,399.46,29.58,45.56,Dubai_Industrial_Zone_1
2026-05-13 22:30:00,396.08,28.29,49.84,Dubai_Industrial_Zone_1
2026-05-13 23:00:00,399.48,28.23,26.68,Dubai_Industrial_Zone_1
2026-05-13 23:30:00,404.67,32.63,37.93,Dubai_Industrial_Zone_1
2026-05-14 00:00:00,410.58,29.04,27.94,Dubai_Industrial_Zone_1
2026-05-14 00:30:00,415.15,33.61,32.84,Dubai_Industrial_Zone_1
2026-05-14 01:00:00,424.35,34.37,24.33,Dubai_Industrial_Zone_1
2026-05-14 01:30:00,425.85,33.97,41.68,Dubai_Industrial_Zone_1
2026-05-14 02:00:00,425.69,32.33,27.44,Dubai_Industrial_Zone_1
2026-05-14 02:30:00,424.87,37.99,47.31,Dubai_Industrial_Zone_1
2026-05-14 03:00:00,431.21,38.07,20.0,Dubai_Industrial_Zone_1
2026-05-14 03:30:00,422.9,39.46,34.77,Dubai_Industrial_Zone_1
2026-05-14 04:00:00,428.96,35.27,24.15,Dubai_Industrial_Zone_1
2026-05-14 04:30:00,437.12,39.99,45.43,Dubai_Industrial_Zone_1
2026-05-14 05:00:00,442.75,37.31,20.0,Dubai_Industrial_Zone_1
2026-05-14 05:30:00,439.14,35.69,32.39,Dubai_Industrial_Zone_1
2026-05-14 06:00:00,441.07,38.6,34.44,Dubai_Industrial_Zone_1
2026-05-14 06:30:00,434.09,38.65,20.0,Dubai_Industrial_Zone_1
2026-05-14 07:00:00,445.5,32.33,47.01,Dubai_Industrial_Zone_1
2026-05-14 07:30:00,440.73,36.91,34.0,Dubai_Industrial_Zone_1
2026-05-14 08:00:00,435.24,36.68,44.17,Dubai_Industrial_Zone_1
2026-05-14 08:30:00,433.55,38.77,44.53,Dubai_Industrial_Zone_1
2026-05-14 09:00:00,447.2,38.51,30.37,Dubai_Industrial_Zone_1
2026-05-14 09:30:00,425.24,35.1,44.39,Dubai_Industrial_Zone_1
2026-05-14 10:00:00,423.61,35.63,52.94,Dubai_Industrial_Zone_1
2026-05-14 10:30:00,419.88,31.48,24.61,Dubai_Industrial_Zone_1
2026-05-14 11:00:00,411.24,33.32,52.72,Dubai_Industrial_Zone_1
2026-05-14 11:30:00,411.62,31.55,34.14,Dubai_Industrial_Zone_1
2026-05-14 12:00:00,404.34,30.39,36.15,Dubai_Industrial_Zone_1
2026-05-14 12:30:00,405.49,29.64,24.71,Dubai_Industrial_Zone_1
2026-05-14 13:00:00,405.2,31.17,48.02,Dubai_Industrial_Zone_1
2026-05-14 13:30:00,392.97,30.92,49.67,Dubai_Industrial_Zone_1
2026-05-14 14:00:00,392.7,26.82,54.17,Dubai_Industrial_Zone_1
2026-05-14 14:30:00,390.41,25.4,54.34,Dubai_Industrial_Zone_1
2026-05-14 15:00:00,392.15,29.71,50.23,Dubai_Industrial_Zone_1
2026-05-14 15:30:00,380.37,25.45,34.21,Dubai_Industrial_Zone_1
2026-05-14 16:00:00,380.59,27.53,33.59,Dubai_Industrial_Zone_1
2026-05-14 16:30:00,378.71,23.09,56.03,Dubai_Industrial_Zone_1
2026-05-14 17:00:00,389.21,24.56,55.61,Dubai_Industrial_Zone_1
2026-05-14 17:30:00,376.93,21.65,60.0,Dubai_Industrial_Zone_1
2026-05-14 18:00:00,377.1,27.99,57.6,Dubai_Industrial_Zone_1
2026-05-14 18:30:00,376.89,22.77,60.0,Dubai_Industrial_Zone_1
2026-05-14 19:00:00,373.67,24.73,34.36,Dubai_Industrial_Zone_1
2026-05-14 19:30:00,384.21,23.66,38.05,Dubai_Industrial_Zone_1
2026-05-14 20:00:00,378.27,24.02,60.0,Dubai_Industrial_Zone_1
2026-05-14 20:30:00,391.67,25.0,27.01,Dubai_Industrial_Zone_1
2026-05-14 21:00:00,385.51,24.23,49.41,Dubai_Industrial_Zone_1
2026-05-14 21:30:00,393.76,27.39,54.28,Dubai_Industrial_Zone_1
2026-05-14 22:00:00,394.51,28.72,60.0,Dubai_Industrial_Zone_1
2026-05-14 22:30:00,399.72,30.34,32.96,Dubai_Industrial_Zone_1
2026-05-14 23:00:00,402.88,31.12,53.21,Dubai_Industrial_Zone_1
2026-05-14 23:30:00,409.44,28.24,35.24,Dubai_Industrial_Zone_1
2026-05-15 00:00:00,417.02,32.62,44.15,Dubai_Industrial_Zone_1
2026-05-15 00:30:00,424.77,30.47,43.62,Dubai_Industrial_Zone_1
2026-05-15 01:00:00,419.16,33.63,56.0,Dubai_Industrial_Zone_1
2026-05-15 01:30:00,425.3,35.24,20.0,Dubai_Industrial_Zone_1
2026-05-15 02:00:00,420.91,34.99,26.45,Dubai_Industrial_Zone_1
2026-05-15 02:30:00,419.4,36.98,36.4,Dubai_Industrial_Zone_1
2026-05-15 03:00:00,432.12,38.45,31.18,Dubai_Industrial_Zone_1
2026-05-15 03:30:00,431.45,37.88,33.59,Dubai_Industrial_Zone_1
2026-05-15 04:00:00,438.61,39.46,25.28,Dubai_Industrial_Zone_1
2026-05-15 04:30:00,436.27,38.33,37.64,Dubai_Industrial_Zone_1
2026-05-15 05:00:00,442.65,38.77,23.27,Dubai_Industrial_Zone_1
2026-05-15 05:30:00,445.35,43.02,22.77,Dubai_Industrial_Zone_1
2026-05-15 06:00:00,435.7,37.92,39.59,Dubai_Industrial_Zone_1
2026-05-15 06:30:00,441.77,43.44,20.0,Dubai_Industrial_Zone_1
2026-05-15 07:00:00,445.08,45.41,20.0,Dubai_Industrial_Zone_1
2026-05-15 07:30:00,440.39,42.79,48.83,Dubai_Industrial_Zone_1
2026-05-15 08:00:00,433.63,36.77,50.37,Dubai_Industrial_Zone_1
2026-05-15 08:30:00,430.3,38.02,23.24,Dubai_Industrial_Zone_1
2026-05-15 09:00:00,432.16,36.26,35.88,Dubai_Industrial_Zone_1
2026-05-15 09:30:00,424.06,39.33,32.09,Dubai_Industrial_Zone_1
2026-05-15 10:00:00,416.87,34.64,20.78,Dubai_Industrial_Zone_1
2026-05-15 10:30:00,420.19,35.48,20.0,Dubai_Industrial_Zone_1
2026-05-15 11:00:00,424.18,33.53,43.18,Dubai_Industrial_Zone_1
2026-05-15 11:30:00,404.93,31.49,22.6,Dubai_Industrial_Zone_1
2026-05-15 12:00:00,405.66,31.62,58.38,Dubai_Industrial_Zone_1
2026-05-15 12:30:00,404.55,27.57,58.79,Dubai_Industrial_Zone_1
2026-05-15 13:00:00,409.13,26.97,53.74,Dubai_Industrial_Zone_1
2026-05-15 13:30:00,397.89,25.88,49.48,Dubai_Industrial_Zone_1
2026-05-15 14:00:00,392.97,24.65,46.05,Dubai_Industrial_Zone_1
2026-05-15 14:30:00,383.8,25.31,60.0,Dubai_Industrial_Zone_1
2026-05-15 15:00:00,391.46,25.03,60.0,Dubai_Industrial_Zone_1
2026-05-15 15:30:00,381.7,23.93,50.55,Dubai_Industrial_Zone_1
2026-05-15 16:00:00,382.06,24.58,42.69,Dubai_Industrial_Zone_1
2026-05-15 16:30:00,377.95,26.52,53.37,Dubai_Industrial_Zone_1
2026-05-15 17:00:00,379.08,26.14,58.57,Dubai_Industrial_Zone_1
2026-05-15 17:30:00,383.05,21.41,47.08,Dubai_Industrial_Zone_1
2026-05-15 18:00:00,377.99,23.62,60.0,Dubai_Industrial_Zone_1
2026-05-15 18:30:00,381.15,22.48,32.55,Dubai_Industrial_Zone_1
2026-05-15 19:00:00,388.0,22.6,56.44,Dubai_Industrial_Zone_1
2026-05-15 19:30:00,379.9,24.72,54.12,Dubai_Industrial_Zone_1
2026-05-15 20:00:00,378.99,28.94,40.7,Dubai_Industrial_Zone_1
2026-05-15 20:30:00,392.12,26.48,29.43,Dubai_Industrial_Zone_1
2026-05-15 21:00:00,389.21,27.31,50.62,Dubai_Industrial_Zone_1
2026-05-15 21:30:00,398.41,23.94,53.91,Dubai_Industrial_Zone_1
2026-05-15 22:00:00,395.34,29.97,22.63,Dubai_Industrial_Zone_1
2026-05-15 22:30:00,396.94,28.8,35.58,Dubai_Industrial_Zone_1
2026-05-15 23:00:00,400.01,30.11,49.69,Dubai_Industrial_Zone_1
2026-05-15 23:30:00,402.86,30.07,35.89,Dubai_Industrial_Zone_1
2026-05-16 00:00:00,407.75,32.66,29.73,Dubai_Industrial_Zone_1
2026-05-16 00:30:00,409.05,31.74,46.84,Dubai_Industrial_Zone_1
2026-05-16 01:00:00,417.83,32.76,51.13,Dubai_Industrial_Zone_1
2026-05-16 01:30:00,414.85,33.96,32.57,Dubai_Industrial_Zone_1
2026-05-16 02:00:00,424.89,38.65,36.1,Dubai_Industrial_Zone_1
2026-05-16 02:30:00,427.67,35.21,50.8,Dubai_Industrial_Zone_1
2026-05-16 03:00:00,428.64,35.3,52.89,Dubai_Industrial_Zone_1
2026-05-16 03:30:00,427.75,40.25,52.27,Dubai_Industrial_Zone_1
2026-05-16 04:00:00,437.42,39.49,40.14,Dubai_Industrial_Zone_1
2026-05-16 04:30:00,449.23,40.22,31.81,Dubai_Industrial_Zone_1
2026-05-16 05:00:00,435.26,42.48,38.7,Dubai_Industrial_Zone_1
2026-05-16 05:30:00,437.97,43.09,20.0,Dubai_Industrial_Zone_1
2026-05-16 06:00:00,443.58,37.29,52.58,Dubai_Industrial_Zone_1
2026-05-16 06:30:00,448.59,39.53,40.58,Dubai_Industrial_Zone_1
2026-05-16 07:00:00,452.53,43.08,38.16,Dubai_Industrial_Zone_1
2026-05-16 07:30:00,442.19,39.56,42.71,Dubai_Industrial_Zone_1
2026-05-16 08:00:00,436.31,42.27,49.52,Dubai_Industrial_Zone_1
2026-05-16 08:30:00,443.33,36.7,49.66,Dubai_Industrial_Zone_1
2026-05-16 09:00:00,425.07,40.06,26.92,Dubai_Industrial_Zone_1
2026-05-16 09:30:00,429.56,38.1,34.58,Dubai_Industrial_Zone_1
2026-05-16 10:00:00,429.21,35.55,43.32,Dubai_Industrial_Zone_1
2026-05-16 10:30:00,423.22,34.75,51.64,Dubai_Industrial_Zone_1
2026-05-16 11:00:00,419.19,31.29,41.77,Dubai_Industrial_Zone_1
2026-05-16 11:30:00,416.7,34.0,50.18,Dubai_Industrial_Zone_1
2026-05-16 12:00:00,409.0,29.41,29.6,Dubai_Industrial_Zone_1
2026-05-16 12:30:00,411.39,29.69,52.18,Dubai_Industrial_Zone_1
2026-05-16 13:00:00,404.59,29.31,32.54,Dubai_Industrial_Zone_1
2026-05-16 13:30:00,402.91,27.13,53.29,Dubai_Industrial_Zone_1
2026-05-16 14:00:00,391.72,26.37,60.0,Dubai_Industrial_Zone_1
2026-05-16 14:30:00,383.49,30.68,47.31,Dubai_Industrial_Zone_1
2026-05-16 15:00:00,379.97,23.73,49.9,Dubai_Industrial_Zone_1
2026-05-16 15:30:00,391.98,25.38,32.47,Dubai_Industrial_Zone_1
2026-05-16 16:00:00,383.05,20.82,32.27,Dubai_Industrial_Zone_1
2026-05-16 16:30:00,383.03,26.38,47.08,Dubai_Industrial_Zone_1
2026-05-16 17:00:00,374.57,25.0,25.67,Dubai_Industrial_Zone_1
2026-05-16 17:30:00,376.92,25.57,60.0,Dubai_Industrial_Zone_1
2026-05-16 18:00:00,379.73,19.28,60.0,Dubai_Industrial_Zone_1
2026-05-16 18:30:00,385.23,21.8,60.0,Dubai_Industrial_Zone_1
2026-05-16 19:00:00,379.28,22.39,31.42,Dubai_Industrial_Zone_1
2026-05-16 19:30:00,386.33,26.52,59.9,Dubai_Industrial_Zone_1
2026-05-16 20:00:00,388.6,27.97,43.54,Dubai_Industrial_Zone_1
2026-05-16 20:30:00,387.87,25.68,25.79,Dubai_Industrial_Zone_1
2026-05-16 21:00:00,391.21,25.88,44.52,Dubai_Industrial_Zone_1
2026-05-16 21:30:00,397.33,25.11,34.99,Dubai_Industrial_Zone_1
2026-05-16 22:00:00,397.05,29.11,60.0,Dubai_Industrial_Zone_1
2026-05-16 22:30:00,400.64,31.48,53.96,Dubai_Industrial_Zone_1
2026-05-16 23:00:00,409.71,32.6,39.08,Dubai_Industrial_Zone_1
2026-05-16 23:30:00,409.0,31.04,46.44,Dubai_Industrial_Zone_1
2026-05-17 00:00:00,401.59,32.43,48.4,Dubai_Industrial_Zone_1
2026-05-17 00:30:00,488.83,34.16,26.87,Dubai_Industrial_Zone_1
2026-05-17 01:00:00,500.64,33.54,34.04,Dubai_Industrial_Zone_1
2026-05-17 01:30:00,504.96,35.38,45.14,Dubai_Industrial_Zone_1
2026-05-17 02:00:00,508.57,35.72,22.6,Dubai_Industrial_Zone_1
2026-05-17 02:30:00,519.26,38.82,51.89,Dubai_Industrial_Zone_1
2026-05-17 03:00:00,521.41,38.24,53.33,Dubai_Industrial_Zone_1
2026-05-17 03:30:00,514.07,40.56,21.1,Dubai_Industrial_Zone_1
2026-05-17 04:00:00,520.6,42.59,39.4,Dubai_Industrial_Zone_1
2026-05-17 04:30:00,521.04,40.9,44.01,Dubai_Industrial_Zone_1
2026-05-17 05:00:00,432.54,37.02,43.32,Dubai_Industrial_Zone_1
2026-05-17 05:30:00,438.02,40.88,34.26,Dubai_Industrial_Zone_1
2026-05-17 06:00:00,441.98,42.01,21.88,Dubai_Industrial_Zone_1
2026-05-17 06:30:00,440.45,40.52,20.0,Dubai_Industrial_Zone_1
2026-05-17 07:00:00,439.47,38.64,50.64,Dubai_Industrial_Zone_1
2026-05-17 07:30:00,433.52,41.29,47.19,Dubai_Industrial_Zone_1
2026-05-17 08:00:00,439.19,39.04,49.83,Dubai_Industrial_Zone_1
2026-05-17 08:30:00,430.29,40.09,34.69,Dubai_Industrial_Zone_1
2026-05-17 09:00:00,440.63,35.88,37.38,Dubai_Industrial_Zone_1
2026-05-17 09:30:00,428.39,39.87,27.71,Dubai_Industrial_Zone_1
2026-05-17 10:00:00,421.42,37.74,22.41,Dubai_Industrial_Zone_1
2026-05-17 10:30:00,419.75,37.47,43.04,Dubai_Industrial_Zone_1
2026-05-17 11:00:00,414.37,31.14,21.8,Dubai_Industrial_Zone_1
2026-05-17 11:30:00,415.0,33.92,45.2,Dubai_Industrial_Zone_1
2026-05-17 12:00:00,413.72,34.7,52.91,Dubai_Industrial_Zone_1
2026-05-17 12:30:00,402.26,33.62,22.7,Dubai_Industrial_Zone_1
2026-05-17 13:00:00,396.33,29.77,30.58,Dubai_Industrial_Zone_1
2026-05-17 13:30:00,397.72,28.87,52.21,Dubai_Industrial_Zone_1
2026-05-17 14:00:00,401.52,29.93,51.51,Dubai_Industrial_Zone_1
2026-05-17 14:30:00,386.38,28.99,33.19,Dubai_Industrial_Zone_1
2026-05-17 15:00:00,393.17,25.52,36.41,Dubai_Industrial_Zone_1
2026-05-17 15:30:00,379.22,23.66,51.91,Dubai_Industrial_Zone_1
2026-05-17 16:00:00,383.6,26.42,35.76,Dubai_Industrial_Zone_1
2026-05-17 16:30:00,380.28,23.62,53.32,Dubai_Industrial_Zone_1
2026-05-17 17:00:00,385.4,22.41,47.08,Dubai_Industrial_Zone_1
2026-05-17 17:30:00,380.79,25.68,30.86,Dubai_Industrial_Zone_1
2026-05-17 18:00:00,382.34,22.12,30.8,Dubai_Industrial_Zone_1
2026-05-17 18:30:00,379.05,27.5,38.26,Dubai_Industrial_Zone_1
2026-05-17 19:00:00,388.79,23.9,34.05,Dubai_Industrial_Zone_1
2026-05-17 19:30:00,380.98,22.4,51.87,Dubai_Industrial_Zone_1
2026-05-17 20:00:00,384.59,23.38,49.23,Dubai_Industrial_Zone_1
2026-05-17 20:30:00,386.43,22.91,29.09,Dubai_Industrial_Zone_1
2026-05-17 21:00:00,381.23,26.59,59.97,Dubai_Industrial_Zone_1
2026-05-17 21:30:00,388.53,27.84,60.0,Dubai_Industrial_Zone_1
2026-05-17 22:00:00,397.8,28.55,29.36,Dubai_Industrial_Zone_1
2026-05-17 22:30:00,397.04,29.98,43.67,Dubai_Industrial_Zone_1
2026-05-17 23:00:00,389.07,29.8,47.04,Dubai_Industrial_Zone_1
2026-05-17 23:30:00,408.4,30.18,44.84,Dubai_Industrial_Zone_1
2026-05-18 00:00:00,410.92,29.95,50.23,Dubai_Industrial_Zone_1
2026-05-18 00:30:00,419.94,35.14,55.33,Dubai_Industrial_Zone_1
2026-05-18 01:00:00,414.91,36.71,30.22,Dubai_Industrial_Zone_1
2026-05-18 01:30:00,423.71,37.66,36.37,Dubai_Industrial_Zone_1
2026-05-18 02:00:00,418.01,36.39,43.54,Dubai_Industrial_Zone_1
2026-05-18 02:30:00,429.44,39.53,41.33,Dubai_Industrial_Zone_1
2026-05-18 03:00:00,432.95,39.51,38.09,Dubai_Industrial_Zone_1
2026-05-18 03:30:00,429.09,37.43,23.35,Dubai_Industrial_Zone_1
2026-05-18 04:00:00,438.6,41.17,41.06,Dubai_Industrial_Zone_1
2026-05-18 04:30:00,441.89,40.12,31.52,Dubai_Industrial_Zone_1
2026-05-18 05:00:00,445.16,41.93,20.0,Dubai_Industrial_Zone_1
2026-05-18 05:30:00,442.24,35.43,20.35,Dubai_Industrial_Zone_1
2026-05-18 06:00:00,433.27,41.03,47.83,Dubai_Industrial_Zone_1
2026-05-18 06:30:00,434.59,41.39,29.17,Dubai_Industrial_Zone_1
2026-05-18 07:00:00,445.44,37.95,22.05,Dubai_Industrial_Zone_1
2026-05-18 07:30:00,438.38,41.23,20.0,Dubai_Industrial_Zone_1
2026-05-18 08:00:00,440.24,38.65,45.48,Dubai_Industrial_Zone_1
2026-05-18 08:30:00,427.61,36.16,22.94,Dubai_Industrial_Zone_1
2026-05-18 09:00:00,433.14,38.72,44.91,Dubai_Industrial_Zone_1
2026-05-18 09:30:00,421.18,37.04,36.79,Dubai_Industrial_Zone_1
2026-05-18 10:00:00,424.55,35.38,26.36,Dubai_Industrial_Zone_1
2026-05-18 10:30:00,422.66,31.39,24.16,Dubai_Industrial_Zone_1
2026-05-18 11:00:00,417.38,35.05,25.32,Dubai_Industrial_Zone_1
2026-05-18 11:30:00,411.53,33.21,22.84,Dubai_Industrial_Zone_1
2026-05-18 12:00:00,405.57,28.25,45.15,Dubai_Industrial_Zone_1
2026-05-18 12:30:00,406.46,30.09,27.08,Dubai_Industrial_Zone_1
2026-05-18 13:00:00,393.92,31.55,33.64,Dubai_Industrial_Zone_1
2026-05-18 13:30:00,398.51,31.33,22.52,Dubai_Industrial_Zone_1
2026-05-18 14:00:00,394.15,27.79,60.0,Dubai_Industrial_Zone_1
2026-05-18 14:30:00,395.86,29.22,60.0,Dubai_Industrial_Zone_1
2026-05-18 15:00:00,392.53,30.94,59.18,Dubai_Industrial_Zone_1
2026-05-18 15:30:00,384.09,25.02,51.01,Dubai_Industrial_Zone_1
2026-05-18 16:00:00,395.01,23.35,42.92,Dubai_Industrial_Zone_1
2026-05-18 16:30:00,381.48,26.79,56.04,Dubai_Industrial_Zone_1
2026-05-18 17:00:00,382.12,24.37,58.65,Dubai_Industrial_Zone_1
2026-05-18 17:30:00,379.36,22.57,28.81,Dubai_Industrial_Zone_1
2026-05-18 18:00:00,384.79,20.63,45.55,Dubai_Industrial_Zone_1
2026-05-18 18:30:00,377.6,23.26,51.35,Dubai_Industrial_Zone_1
2026-05-18 19:00:00,385.5,23.74,58.5,Dubai_Industrial_Zone_1
2026-05-18 19:30:00,379.98,22.33,60.0,Dubai_Industrial_Zone_1
2026-05-18 20:00:00,385.71,19.88,56.98,Dubai_Industrial_Zone_1
2026-05-18 20:30:00,378.09,26.89,27.54,Dubai_Industrial_Zone_1
2026-05-18 21:00:00,390.27,23.1,42.82,Dubai_Industrial_Zone_1
2026-05-18 21:30:00,398.07,27.73,60.0,Dubai_Industrial_Zone_1
2026-05-18 22:00:00,385.2,26.64,60.0,Dubai_Industrial_Zone_1
2026-05-18 22:30:00,395.56,28.52,29.42,Dubai_Industrial_Zone_1
2026-05-18 23:00:00,392.87,30.77,27.39,Dubai_Industrial_Zone_1
2026-05-18 23:30:00,407.57,33.45,20.76,Dubai_Industrial_Zone_1
2026-05-19 00:00:00,415.95,33.0,51.29,Dubai_Industrial_Zone_1
2026-05-19 00:30:00,411.44,33.45,32.27,Dubai_Industrial_Zone_1
2026-05-19 01:00:00,410.46,35.78,33.58,Dubai_Industrial_Zone_1
2026-05-19 01:30:00,422.48,33.38,30.02,Dubai_Industrial_Zone_1
2026-05-19 02:00:00,417.74,39.41,42.65,Dubai_Industrial_Zone_1
2026-05-19 02:30:00,433.44,33.95,34.93,Dubai_Industrial_Zone_1
2026-05-19 03:00:00,436.65,36.6,54.23,Dubai_Industrial_Zone_1
2026-05-19 03:30:00,437.65,35.54,34.41,Dubai_Industrial_Zone_1
2026-05-19 04:00:00,438.01,44.21,28.2,Dubai_Industrial_Zone_1
2026-05-19 04:30:00,433.36,40.11,22.52,Dubai_Industrial_Zone_1
2026-05-19 05:00:00,439.59,41.1,20.0,Dubai_Industrial_Zone_1
2026-05-19 05:30:00,439.03,40.35,25.52,Dubai_Industrial_Zone_1
2026-05-19 06:00:00,443.05,42.87,20.0,Dubai_Industrial_Zone_1
2026-05-19 06:30:00,434.78,41.38,46.3,Dubai_Industrial_Zone_1
2026-05-19 07:00:00,441.44,40.06,34.12,Dubai_Industrial_Zone_1
2026-05-19 07:30:00,437.41,39.28,28.49,Dubai_Industrial_Zone_1
2026-05-19 08:00:00,446.24,39.7,28.34,Dubai_Industrial_Zone_1
2026-05-19 08:30:00,440.92,35.1,26.16,Dubai_Industrial_Zone_1
2026-05-19 09:00:00,420.86,39.25,41.61,Dubai_Industrial_Zone_1
2026-05-19 09:30:00,435.97,34.24,27.94,Dubai_Industrial_Zone_1
2026-05-19 10:00:00,423.5,36.47,48.63,Dubai_Industrial_Zone_1
2026-05-19 10:30:00,417.21,33.46,42.42,Dubai_Industrial_Zone_1
2026-05-19 11:00:00,420.01,32.24,27.6,Dubai_Industrial_Zone_1
2026-05-19 11:30:00,420.0,36.35,41.71,Dubai_Industrial_Zone_1
2026-05-19 12:00:00,406.21,32.19,27.38,Dubai_Industrial_Zone_1
2026-05-19 12:30:00,410.96,33.31,22.43,Dubai_Industrial_Zone_1
2026-05-19 13:00:00,395.48,29.87,30.78,Dubai_Industrial_Zone_1
2026-05-19 13:30:00,402.68,30.45,39.73,Dubai_Industrial_Zone_1
2026-05-19 14:00:00,393.14,25.97,57.35,Dubai_Industrial_Zone_1
2026-05-19 14:30:00,385.57,27.02,52.27,Dubai_Industrial_Zone_1
2026-05-19 15:00:00,386.7,25.38,48.71,Dubai_Industrial_Zone_1
2026-05-19 15:30:00,391.26,22.27,32.32,Dubai_Industrial_Zone_1
2026-05-19 16:00:00,384.05,26.12,44.66,Dubai_Industrial_Zone_1
2026-05-19 16:30:00,379.71,19.97,38.1,Dubai_Industrial_Zone_1
2026-05-19 17:00:00,387.5,26.74,56.42,Dubai_Industrial_Zone_1
2026-05-19 17:30:00,390.6,21.96,56.6,Dubai_Industrial_Zone_1
2026-05-19 18:00:00,377.57,20.11,51.16,Dubai_Industrial_Zone_1
2026-05-19 18:30:00,376.63,24.32,27.11,Dubai_Industrial_Zone_1
2026-05-19 19:00:00,373.52,26.13,40.94,Dubai_Industrial_Zone_1
2026-05-19 19:30:00,381.39,23.87,39.01,Dubai_Industrial_Zone_1
2026-05-19 20:00:00,385.86,24.62,57.17,Dubai_Industrial_Zone_1
2026-05-19 20:30:00,388.1,26.85,41.1,Dubai_Industrial_Zone_1
2026-05-19 21:00:00,383.21,29.13,40.39,Dubai_Industrial_Zone_1
2026-05-19 21:30:00,392.99,26.45,40.69,Dubai_Industrial_Zone_1
2026-05-19 22:00:00,391.38,27.2,46.21,Dubai_Industrial_Zone_1
2026-05-19 22:30:00,393.16,23.63,27.45,Dubai_Industrial_Zone_1
2026-05-19 23:00:00,405.13,33.96,49.29,Dubai_Industrial_Zone_1
2026-05-19 23:30:00,412.27,32.49,29.96,Dubai_Industrial_Zone_1
2026-05-20 00:00:00,407.25,31.45,29.17,Dubai_Industrial_Zone_1
2026-05-20 00:30:00,415.08,33.18,22.4,Dubai_Industrial_Zone_1
2026-05-20 01:00:00,411.71,33.76,45.97,Dubai_Industrial_Zone_1
2026-05-20 01:30:00,423.27,36.11,38.44,Dubai_Industrial_Zone_1
2026-05-20 02:00:00,420.1,38.42,23.95,Dubai_Industrial_Zone_1
2026-05-20 02:30:00,426.01,34.09,39.39,Dubai_Industrial_Zone_1
2026-05-20 03:00:00,436.61,38.8,43.11,Dubai_Industrial_Zone_1
2026-05-20 03:30:00,426.93,39.09,22.86,Dubai_Industrial_Zone_1
2026-05-20 04:00:00,439.99,38.27,45.71,Dubai_Industrial_Zone_1
2026-05-20 04:30:00,425.2,39.87,48.07,Dubai_Industrial_Zone_1
2026-05-20 05:00:00,438.78,40.43,36.2,Dubai_Industrial_Zone_1
2026-05-20 05:30:00,445.15,39.82,23.81,Dubai_Industrial_Zone_1
2026-05-20 06:00:00,433.94,36.58,37.79,Dubai_Industrial_Zone_1
2026-05-20 06:30:00,441.4,39.11,22.82,Dubai_Industrial_Zone_1
2026-05-20 07:00:00,440.74,39.16,27.86,Dubai_Industrial_Zone_1
2026-05-20 07:30:00,446.39,37.44,45.54,Dubai_Industrial_Zone_1
2026-05-20 08:00:00,434.6,37.54,46.4,Dubai_Industrial_Zone_1
2026-05-20 08:30:00,434.36,35.22,41.91,Dubai_Industrial_Zone_1
2026-05-20 09:00:00,429.33,39.12,38.66,Dubai_Industrial_Zone_1
2026-05-20 09:30:00,440.46,38.65,49.63,Dubai_Industrial_Zone_1
2026-05-20 10:00:00,426.85,37.12,44.41,Dubai_Industrial_Zone_1
2026-05-20 10:30:00,420.36,35.28,31.77,Dubai_Industrial_Zone_1
2026-05-20 11:00:00,412.16,37.79,54.29,Dubai_Industrial_Zone_1
2026-05-20 11:30:00,407.0,34.72,32.87,Dubai_Industrial_Zone_1
2026-05-20 12:00:00,410.09,32.97,55.88,Dubai_Industrial_Zone_1
2026-05-20 12:30:00,400.31,29.59,29.63,Dubai_Industrial_Zone_1
2026-05-20 13:00:00,399.71,32.22,35.09,Dubai_Industrial_Zone_1
2026-05-20 13:30:00,398.13,29.34,42.16,Dubai_Industrial_Zone_1
2026-05-20 14:00:00,388.84,25.97,60.0,Dubai_Industrial_Zone_1
2026-05-20 14:30:00,388.91,25.59,53.7,Dubai_Industrial_Zone_1
2026-05-20 15:00:00,393.13,24.96,57.64,Dubai_Industrial_Zone_1
2026-05-20 15:30:00,381.32,23.84,54.51,Dubai_Industrial_Zone_1
2026-05-20 16:00:00,379.06,26.71,56.15,Dubai_Industrial_Zone_1
2026-05-20 16:30:00,377.9,24.23,26.79,Dubai_Industrial_Zone_1
2026-05-20 17:00:00,387.32,23.82,60.0,Dubai_Industrial_Zone_1
2026-05-20 17:30:00,381.92,24.18,30.75,Dubai_Industrial_Zone_1
2026-05-20 18:00:00,381.51,20.71,45.23,Dubai_Industrial_Zone_1
2026-05-20 18:30:00,380.67,23.72,36.51,Dubai_Industrial_Zone_1
2026-05-20 19:00:00,376.67,28.43,50.77,Dubai_Industrial_Zone_1
2026-05-20 19:30:00,374.93,22.7,45.18,Dubai_Industrial_Zone_1
2026-05-20 20:00:00,393.14,27.73,41.66,Dubai_Industrial_Zone_1
2026-05-20 20:30:00,384.22,26.63,46.57,Dubai_Industrial_Zone_1
2026-05-20 21:00:00,383.78,22.59,60.0,Dubai_Industrial_Zone_1
2026-05-20 21:30:00,401.39,27.33,31.74,Dubai_Industrial_Zone_1
2026-05-20 22:00:00,388.02,29.95,22.88,Dubai_Industrial_Zone_1
2026-05-20 22:30:00,399.64,32.24,27.54,Dubai_Industrial_Zone_1
2026-05-20 23:00:00,406.23,29.36,44.54,Dubai_Industrial_Zone_1
2026-05-20 23:30:00,412.69,31.84,32.56,Dubai_Industrial_Zone_1
2026-05-21 00:00:00,416.14,34.02,21.12,Dubai_Industrial_Zone_1
2026-05-21 00:30:00,422.42,33.95,31.54,Dubai_Industrial_Zone_1
2026-05-21 01:00:00,414.44,35.5,54.01,Dubai_Industrial_Zone_1
2026-05-21 01:30:00,416.59,37.01,44.74,Dubai_Industrial_Zone_1
2026-05-21 02:00:00,426.73,36.55,36.47,Dubai_Industrial_Zone_1
2026-05-21 02:30:00,425.73,34.09,53.03,Dubai_Industrial_Zone_1
2026-05-21 03:00:00,424.67,41.03,20.0,Dubai_Industrial_Zone_1
2026-05-21 03:30:00,431.09,37.29,28.88,Dubai_Industrial_Zone_1
2026-05-21 04:00:00,437.01,39.76,33.16,Dubai_Industrial_Zone_1
2026-05-21 04:30:00,441.47,38.81,20.9,Dubai_Industrial_Zone_1
2026-05-21 05:00:00,436.45,38.81,52.95,Dubai_Industrial_Zone_1
2026-05-21 05:30:00,443.43,42.44,30.03,Dubai_Industrial_Zone_1
2026-05-21 06:00:00,429.61,38.37,40.74,Dubai_Industrial_Zone_1
2026-05-21 06:30:00,435.79,38.83,53.34,Dubai_Industrial_Zone_1
2026-05-21 07:00:00,444.12,40.05,20.0,Dubai_Industrial_Zone_1
2026-05-21 07:30:00,441.21,40.25,20.0,Dubai_Industrial_Zone_1
2026-05-21 08:00:00,445.91,41.66,31.32,Dubai_Industrial_Zone_1
2026-05-21 08:30:00,425.66,44.51,22.35,Dubai_Industrial_Zone_1
2026-05-21 09:00:00,433.16,37.59,26.94,Dubai_Industrial_Zone_1
2026-05-21 09:30:00,429.55,38.68,27.18,Dubai_Industrial_Zone_1
2026-05-21 10:00:00,427.93,38.61,20.0,Dubai_Industrial_Zone_1
2026-05-21 10:30:00,425.07,34.87,55.08,Dubai_Industrial_Zone_1
2026-05-21 11:00:00,424.8,34.64,23.89,Dubai_Industrial_Zone_1
2026-05-21 11:30:00,409.36,32.16,36.15,Dubai_Industrial_Zone_1
2026-05-21 12:00:00,407.48,34.08,57.39,Dubai_Industrial_Zone_1
2026-05-21 12:30:00,410.4,28.82,40.15,Dubai_Industrial_Zone_1
2026-05-21 13:00:00,400.99,31.13,55.02,Dubai_Industrial_Zone_1
2026-05-21 13:30:00,397.19,30.86,44.71,Dubai_Industrial_Zone_1
2026-05-21 14:00:00,388.65,29.08,41.52,Dubai_Industrial_Zone_1
2026-05-21 14:30:00,391.51,25.29,32.25,Dubai_Industrial_Zone_1
2026-05-21 15:00:00,382.58,25.98,51.6,Dubai_Industrial_Zone_1
2026-05-21 15:30:00,385.94,24.39,30.63,Dubai_Industrial_Zone_1
2026-05-21 16:00:00,383.95,23.38,40.95,Dubai_Industrial_Zone_1
2026-05-21 16:30:00,380.7,22.5,50.91,Dubai_Industrial_Zone_1
2026-05-21 17:00:00,381.77,24.67,42.63,Dubai_Industrial_Zone_1
2026-05-21 17:30:00,379.53,25.54,51.59,Dubai_Industrial_Zone_1
2026-05-21 18:00:00,382.17,26.05,41.08,Dubai_Industrial_Zone_1
2026-05-21 18:30:00,376.45,23.33,58.67,Dubai_Industrial_Zone_1
2026-05-21 19:00:00,385.51,23.58,39.97,Dubai_Industrial_Zone_1
2026-05-21 19:30:00,381.9,26.04,37.49,Dubai_Industrial_Zone_1
2026-05-21 20:00:00,386.86,26.98,58.12,Dubai_Industrial_Zone_1
2026-05-21 20:30:00,388.92,24.54,56.18,Dubai_Industrial_Zone_1
2026-05-21 21:00:00,392.93,23.59,60.0,Dubai_Industrial_Zone_1
2026-05-21 21:30:00,386.9,26.21,50.76,Dubai_Industrial_Zone_1
2026-05-21 22:00:00,388.14,26.51,42.42,Dubai_Industrial_Zone_1
2026-05-21 22:30:00,395.08,28.08,60.0,Dubai_Industrial_Zone_1
2026-05-21 23:00:00,400.45,28.93,24.7,Dubai_Industrial_Zone_1
2026-05-21 23:30:00,411.89,31.15,45.37,Dubai_Industrial_Zone_1
2026-05-22 00:00:00,407.19,30.46,45.16,Dubai_Industrial_Zone_1
2026-05-22 00:30:00,409.23,34.46,45.58,Dubai_Industrial_Zone_1
2026-05-22 01:00:00,417.24,34.12,46.11,Dubai_Industrial_Zone_1
2026-05-22 01:30:00,422.03,35.44,45.66,Dubai_Industrial_Zone_1
2026-05-22 02:00:00,431.09,34.06,27.93,Dubai_Industrial_Zone_1
2026-05-22 02:30:00,427.67,36.48,28.54,Dubai_Industrial_Zone_1
2026-05-22 03:00:00,424.44,36.58,45.94,Dubai_Industrial_Zone_1
2026-05-22 03:30:00,439.03,41.58,43.76,Dubai_Industrial_Zone_1
2026-05-22 04:00:00,434.32,36.45,48.22,Dubai_Industrial_Zone_1
2026-05-22 04:30:00,437.05,39.55,46.4,Dubai_Industrial_Zone_1
2026-05-22 05:00:00,435.14,41.6,38.25,Dubai_Industrial_Zone_1
2026-05-22 05:30:00,432.16,37.25,27.4,Dubai_Industrial_Zone_1
2026-05-22 06:00:00,435.28,41.17,20.0,Dubai_Industrial_Zone_1
2026-05-22 06:30:00,439.66,40.23,48.14,Dubai_Industrial_Zone_1
2026-05-22 07:00:00,434.35,42.09,23.77,Dubai_Industrial_Zone_1
2026-05-22 07:30:00,437.65,39.16,39.24,Dubai_Industrial_Zone_1
2026-05-22 08:00:00,438.21,40.41,31.34,Dubai_Industrial_Zone_1
2026-05-22 08:30:00,432.69,38.9,50.63,Dubai_Industrial_Zone_1
2026-05-22 09:00:00,425.61,39.72,37.22,Dubai_Industrial_Zone_1
2026-05-22 09:30:00,425.18,37.67,43.53,Dubai_Industrial_Zone_1
2026-05-22 10:00:00,421.93,36.53,20.3,Dubai_Industrial_Zone_1
2026-05-22 10:30:00,416.9,35.15,43.1,Dubai_Industrial_Zone_1
2026-05-22 11:00:00,414.08,35.5,28.49,Dubai_Industrial_Zone_1
2026-05-22 11:30:00,422.12,34.28,51.05,Dubai_Industrial_Zone_1
2026-05-22 12:00:00,410.56,32.65,31.03,Dubai_Industrial_Zone_1
2026-05-22 12:30:00,406.69,29.05,50.7,Dubai_Industrial_Zone_1
2026-05-22 13:00:00,404.78,27.34,39.01,Dubai_Industrial_Zone_1
2026-05-22 13:30:00,391.21,28.27,48.88,Dubai_Industrial_Zone_1
2026-05-22 14:00:00,400.86,24.99,46.44,Dubai_Industrial_Zone_1
2026-05-22 14:30:00,398.93,26.82,32.13,Dubai_Industrial_Zone_1
2026-05-22 15:00:00,392.69,26.84,48.33,Dubai_Industrial_Zone_1
2026-05-22 15:30:00,389.17,25.4,25.52,Dubai_Industrial_Zone_1
2026-05-22 16:00:00,379.79,23.54,34.6,Dubai_Industrial_Zone_1
2026-05-22 16:30:00,382.83,27.0,51.51,Dubai_Industrial_Zone_1
2026-05-22 17:00:00,385.98,23.14,40.17,Dubai_Industrial_Zone_1
2026-05-22 17:30:00,391.81,24.77,38.75,Dubai_Industrial_Zone_1
2026-05-22 18:00:00,378.78,18.69,59.43,Dubai_Industrial_Zone_1
2026-05-22 18:30:00,380.5,21.15,33.06,Dubai_Industrial_Zone_1
2026-05-22 19:00:00,381.42,25.13,60.0,Dubai_Industrial_Zone_1
2026-05-22 19:30:00,376.11,25.36,60.0,Dubai_Industrial_Zone_1
2026-05-22 20:00:00,386.84,24.22,33.62,Dubai_Industrial_Zone_1
2026-05-22 20:30:00,378.8,25.22,55.37,Dubai_Industrial_Zone_1
2026-05-22 21:00:00,385.07,24.6,51.83,Dubai_Industrial_Zone_1
2026-05-22 21:30:00,383.36,25.52,49.44,Dubai_Industrial_Zone_1
2026-05-22 22:00:00,398.85,26.84,45.06,Dubai_Industrial_Zone_1
2026-05-22 22:30:00,393.08,22.34,43.79,Dubai_Industrial_Zone_1
2026-05-22 23:00:00,395.75,29.92,37.37,Dubai_Industrial_Zone_1
2026-05-22 23:30:00,403.62,30.46,57.79,Dubai_Industrial_Zone_1
2026-05-23 00:00:00,410.29,31.52,42.08,Dubai_Industrial_Zone_1
2026-05-23 00:30:00,411.7,33.64,37.25,Dubai_Industrial_Zone_1
2026-05-23 01:00:00,413.04,36.97,41.82,Dubai_Industrial_Zone_1
2026-05-23 01:30:00,425.75,32.99,35.17,Dubai_Industrial_Zone_1
2026-05-23 02:00:00,428.23,38.68,20.0,Dubai_Industrial_Zone_1
2026-05-23 02:30:00,422.59,38.78,20.0,Dubai_Industrial_Zone_1
2026-05-23 03:00:00,430.84,35.32,33.0,Dubai_Industrial_Zone_1
2026-05-23 03:30:00,433.29,40.59,20.0,Dubai_Industrial_Zone_1
2026-05-23 04:00:00,434.59,38.57,36.29,Dubai_Industrial_Zone_1
2026-05-23 04:30:00,446.08,36.54,35.92,Dubai_Industrial_Zone_1
2026-05-23 05:00:00,446.81,40.68,42.75,Dubai_Industrial_Zone_1
2026-05-23 05:30:00,429.22,38.5,49.94,Dubai_Industrial_Zone_1
2026-05-23 06:00:00,439.89,40.93,33.97,Dubai_Industrial_Zone_1
2026-05-23 06:30:00,439.11,36.66,25.32,Dubai_Industrial_Zone_1
2026-05-23 07:00:00,446.05,40.82,43.32,Dubai_Industrial_Zone_1
2026-05-23 07:30:00,441.97,38.42,31.69,Dubai_Industrial_Zone_1
2026-05-23 08:00:00,434.23,38.72,21.54,Dubai_Industrial_Zone_1
2026-05-23 08:30:00,433.56,39.34,40.94,Dubai_Industrial_Zone_1
2026-05-23 09:00:00,426.24,34.11,52.01,Dubai_Industrial_Zone_1
2026-05-23 09:30:00,430.52,38.37,51.53,Dubai_Industrial_Zone_1
2026-05-23 10:00:00,424.72,33.73,52.06,Dubai_Industrial_Zone_1
2026-05-23 10:30:00,430.05,32.67,23.51,Dubai_Industrial_Zone_1
2026-05-23 11:00:00,415.1,33.35,21.54,Dubai_Industrial_Zone_1
2026-05-23 11:30:00,406.08,34.07,53.69,Dubai_Industrial_Zone_1
2026-05-23 12:00:00,406.32,31.69,49.72,Dubai_Industrial_Zone_1
2026-05-23 12:30:00,408.66,30.09,22.38,Dubai_Industrial_Zone_1
2026-05-23 13:00:00,396.57,27.69,42.63,Dubai_Industrial_Zone_1
2026-05-23 13:30:00,403.32,29.09,42.84,Dubai_Industrial_Zone_1
2026-05-23 14:00:00,392.75,29.34,32.05,Dubai_Industrial_Zone_1
2026-05-23 14:30:00,397.03,29.61,42.57,Dubai_Industrial_Zone_1
2026-05-23 15:00:00,388.97,25.0,44.67,Dubai_Industrial_Zone_1
2026-05-23 15:30:00,384.11,22.14,51.74,Dubai_Industrial_Zone_1
2026-05-23 16:00:00,382.53,23.46,41.48,Dubai_Industrial_Zone_1
2026-05-23 16:30:00,377.94,23.85,50.43,Dubai_Industrial_Zone_1
2026-05-23 17:00:00,380.15,21.48,54.13,Dubai_Industrial_Zone_1
2026-05-23 17:30:00,378.44,20.79,36.89,Dubai_Industrial_Zone_1
2026-05-23 18:00:00,377.27,27.1,30.18,Dubai_Industrial_Zone_1
2026-05-23 18:30:00,385.77,21.42,53.35,Dubai_Industrial_Zone_1
2026-05-23 19:00:00,376.91,25.66,38.03,Dubai_Industrial_Zone_1
2026-05-23 19:30:00,384.51,21.98,31.98,Dubai_Industrial_Zone_1
2026-05-23 20:00:00,372.96,24.58,49.53,Dubai_Industrial_Zone_1
2026-05-23 20:30:00,379.05,26.09,35.8,Dubai_Industrial_Zone_1
2026-05-23 21:00:00,385.35,26.16,48.09,Dubai_Industrial_Zone_1
2026-05-23 21:30:00,388.09,27.65,51.71,Dubai_Industrial_Zone_1
2026-05-23 22:00:00,394.12,25.66,46.43,Dubai_Industrial_Zone_1
2026-05-23 22:30:00,401.48,28.84,40.2,Dubai_Industrial_Zone_1
2026-05-23 23:00:00,412.53,30.71,22.62,Dubai_Industrial_Zone_1
2026-05-23 23:30:00,406.87,30.86,21.96,Dubai_Industrial_Zone_1
2026-05-24 00:00:00,413.6,29.76,56.25,Dubai_Industrial_Zone_1
2026-05-24 00:30:00,421.51,32.8,46.63,Dubai_Industrial_Zone_1
2026-05-24 01:00:00,421.22,32.82,28.56,Dubai_Industrial_Zone_1
2026-05-24 01:30:00,425.57,34.83,34.09,Dubai_Industrial_Zone_1
2026-05-24 02:00:00,422.4,33.63,42.93,Dubai_Industrial_Zone_1
2026-05-24 02:30:00,420.28,37.14,20.0,Dubai_Industrial_Zone_1
2026-05-24 03:00:00,437.41,35.05,29.46,Dubai_Industrial_Zone_1
2026-05-24 03:30:00,433.97,39.78,43.79,Dubai_Industrial_Zone_1
2026-05-24 04:00:00,430.16,38.77,27.41,Dubai_Industrial_Zone_1
2026-05-24 04:30:00,434.92,38.25,44.61,Dubai_Industrial_Zone_1
2026-05-24 05:00:00,444.6,39.72,23.58,Dubai_Industrial_Zone_1
2026-05-24 05:30:00,441.32,40.08,26.98,Dubai_Industrial_Zone_1
2026-05-24 06:00:00,439.36,42.71,34.33,Dubai_Industrial_Zone_1
2026-05-24 06:30:00,445.76,38.96,44.26,Dubai_Industrial_Zone_1
2026-05-24 07:00:00,433.39,40.02,20.0,Dubai_Industrial_Zone_1
2026-05-24 07:30:00,435.66,39.93,43.77,Dubai_Industrial_Zone_1
2026-05-24 08:00:00,435.96,40.37,22.96,Dubai_Industrial_Zone_1
2026-05-24 08:30:00,426.58,38.75,24.13,Dubai_Industrial_Zone_1
2026-05-24 09:00:00,434.23,39.83,25.19,Dubai_Industrial_Zone_1
2026-05-24 09:30:00,425.67,36.55,25.21,Dubai_Industrial_Zone_1
2026-05-24 10:00:00,415.99,33.81,38.14,Dubai_Industrial_Zone_1
2026-05-24 10:30:00,431.22,32.85,28.12,Dubai_Industrial_Zone_1
2026-05-24 11:00:00,416.19,35.82,24.86,Dubai_Industrial_Zone_1
2026-05-24 11:30:00,410.26,34.76,46.44,Dubai_Industrial_Zone_1
2026-05-24 12:00:00,411.55,30.3,34.07,Dubai_Industrial_Zone_1
2026-05-24 12:30:00,409.04,32.67,39.57,Dubai_Industrial_Zone_1
2026-05-24 13:00:00,400.39,30.62,23.47,Dubai_Industrial_Zone_1
2026-05-24 13:30:00,396.71,33.26,30.61,Dubai_Industrial_Zone_1
2026-05-24 14:00:00,400.33,28.3,54.39,Dubai_Industrial_Zone_1
2026-05-24 14:30:00,385.66,28.31,54.94,Dubai_Industrial_Zone_1
2026-05-24 15:00:00,389.0,26.92,53.84,Dubai_Industrial_Zone_1
2026-05-24 15:30:00,383.65,25.12,33.11,Dubai_Industrial_Zone_1
2026-05-24 16:00:00,382.37,25.4,46.33,Dubai_Industrial_Zone_1
2026-05-24 16:30:00,379.53,26.22,39.96,Dubai_Industrial_Zone_1
2026-05-24 17:00:00,380.9,23.76,49.29,Dubai_Industrial_Zone_1
2026-05-24 17:30:00,385.19,23.48,60.0,Dubai_Industrial_Zone_1
2026-05-24 18:00:00,369.94,23.02,40.22,Dubai_Industrial_Zone_1
2026-05-24 18:30:00,375.29,23.07,51.11,Dubai_Industrial_Zone_1
2026-05-24 19:00:00,381.95,21.46,51.07,Dubai_Industrial_Zone_1
2026-05-24 19:30:00,378.59,25.28,54.99,Dubai_Industrial_Zone_1
2026-05-24 20:00:00,382.79,22.71,39.02,Dubai_Industrial_Zone_1
2026-05-24 20:30:00,384.02,26.69,57.47,Dubai_Industrial_Zone_1
2026-05-24 21:00:00,398.08,25.56,47.38,Dubai_Industrial_Zone_1
2026-05-24 21:30:00,391.93,29.54,57.51,Dubai_Industrial_Zone_1
2026-05-24 22:00:00,393.36,25.18,60.0,Dubai_Industrial_Zone_1
2026-05-24 22:30:00,393.85,30.31,52.11,Dubai_Industrial_Zone_1
2026-05-24 23:00:00,396.36,29.29,49.63,Dubai_Industrial_Zone_1
2026-05-24 23:30:00,417.66,30.79,21.77,Dubai_Industrial_Zone_1
2026-05-25 00:00:00,407.89,28.62,46.01,Dubai_Industrial_Zone_1
2026-05-25 00:30:00,413.13,28.97,46.96,Dubai_Industrial_Zone_1
2026-05-25 01:00:00,427.49,32.98,45.05,Dubai_Industrial_Zone_1
2026-05-25 01:30:00,427.22,29.82,60.0,Dubai_Industrial_Zone_1
2026-05-25 02:00:00,426.46,35.55,24.68,Dubai_Industrial_Zone_1
2026-05-25 02:30:00,424.9,36.51,48.26,Dubai_Industrial_Zone_1
2026-05-25 03:00:00,438.45,39.1,22.9,Dubai_Industrial_Zone_1
2026-05-25 03:30:00,433.01,38.21,53.26,Dubai_Industrial_Zone_1
2026-05-25 04:00:00,434.65,38.79,26.0,Dubai_Industrial_Zone_1
2026-05-25 04:30:00,442.44,43.26,42.9,Dubai_Industrial_Zone_1
2026-05-25 05:00:00,437.2,41.74,32.08,Dubai_Industrial_Zone_1
2026-05-25 05:30:00,439.82,36.27,35.48,Dubai_Industrial_Zone_1
2026-05-25 06:00:00,441.12,35.29,20.38,Dubai_Industrial_Zone_1
2026-05-25 06:30:00,440.91,36.89,45.95,Dubai_Industrial_Zone_1
2026-05-25 07:00:00,444.32,40.62,30.89,Dubai_Industrial_Zone_1
2026-05-25 07:30:00,447.67,33.76,47.06,Dubai_Industrial_Zone_1
2026-05-25 08:00:00,445.52,38.94,21.55,Dubai_Industrial_Zone_1
2026-05-25 08:30:00,428.74,35.89,36.55,Dubai_Industrial_Zone_1
2026-05-25 09:00:00,433.05,38.44,43.18,Dubai_Industrial_Zone_1
2026-05-25 09:30:00,432.55,35.27,31.78,Dubai_Industrial_Zone_1
2026-05-25 10:00:00,439.04,34.68,33.29,Dubai_Industrial_Zone_1
2026-05-25 10:30:00,427.66,35.22,31.21,Dubai_Industrial_Zone_1
2026-05-25 11:00:00,427.92,36.52,26.2,Dubai_Industrial_Zone_1
2026-05-25 11:30:00,414.11,33.49,36.81,Dubai_Industrial_Zone_1
2026-05-25 12:00:00,408.82,36.67,26.57,Dubai_Industrial_Zone_1
2026-05-25 12:30:00,404.38,31.46,28.98,Dubai_Industrial_Zone_1
2026-05-25 13:00:00,399.48,29.65,30.38,Dubai_Industrial_Zone_1
2026-05-25 13:30:00,401.9,29.06,34.6,Dubai_Industrial_Zone_1
2026-05-25 14:00:00,388.31,27.45,48.84,Dubai_Industrial_Zone_1
2026-05-25 14:30:00,385.37,25.26,60.0,Dubai_Industrial_Zone_1
2026-05-25 15:00:00,390.91,28.15,46.22,Dubai_Industrial_Zone_1
2026-05-25 15:30:00,391.67,26.43,60.0,Dubai_Industrial_Zone_1
2026-05-25 16:00:00,383.07,24.25,42.22,Dubai_Industrial_Zone_1
2026-05-25 16:30:00,387.91,25.23,45.81,Dubai_Industrial_Zone_1
2026-05-25 17:00:00,386.39,22.86,60.0,Dubai_Industrial_Zone_1
2026-05-25 17:30:00,383.82,25.45,41.07,Dubai_Industrial_Zone_1
2026-05-25 18:00:00,380.92,27.19,41.76,Dubai_Industrial_Zone_1
2026-05-25 18:30:00,374.15,29.47,55.92,Dubai_Industrial_Zone_1
2026-05-25 19:00:00,376.75,24.42,60.0,Dubai_Industrial_Zone_1
2026-05-25 19:30:00,380.97,24.25,31.56,Dubai_Industrial_Zone_1
2026-05-25 20:00:00,386.76,26.33,60.0,Dubai_Industrial_Zone_1
2026-05-25 20:30:00,377.72,23.08,58.49,Dubai_Industrial_Zone_1
2026-05-25 21:00:00,398.96,24.56,60.0,Dubai_Industrial_Zone_1
2026-05-25 21:30:00,395.87,26.32,59.0,Dubai_Industrial_Zone_1
2026-05-25 22:00:00,401.77,25.2,60.0,Dubai_Industrial_Zone_1
2026-05-25 22:30:00,393.89,26.47,44.37,Dubai_Industrial_Zone_1
2026-05-25 23:00:00,407.14,29.85,49.09,Dubai_Industrial_Zone_1
2026-05-25 23:30:00,406.42,29.19,60.0,Dubai_Industrial_Zone_1
2026-05-26 00:00:00,408.21,32.1,55.26,Dubai_Industrial_Zone_1
2026-05-26 00:30:00,408.25,33.67,35.51,Dubai_Industrial_Zone_1
2026-05-26 01:00:00,422.44,34.71,41.99,Dubai_Industrial_Zone_1
2026-05-26 01:30:00,421.09,36.02,54.8,Dubai_Industrial_Zone_1
2026-05-26 02:00:00,426.57,36.61,39.57,Dubai_Industrial_Zone_1
2026-05-26 02:30:00,434.74,36.52,39.15,Dubai_Industrial_Zone_1
2026-05-26 03:00:00,440.48,38.89,51.77,Dubai_Industrial_Zone_1
2026-05-26 03:30:00,439.15,38.74,20.0,Dubai_Industrial_Zone_1
2026-05-26 04:00:00,432.95,36.26,22.69,Dubai_Industrial_Zone_1
2026-05-26 04:30:00,435.31,39.34,22.93,Dubai_Industrial_Zone_1
2026-05-26 05:00:00,436.15,43.18,47.76,Dubai_Industrial_Zone_1
2026-05-26 05:30:00,442.89,38.57,38.18,Dubai_Industrial_Zone_1
2026-05-26 06:00:00,446.23,38.77,20.0,Dubai_Industrial_Zone_1
2026-05-26 06:30:00,446.16,39.88,38.94,Dubai_Industrial_Zone_1
2026-05-26 07:00:00,443.65,40.89,20.0,Dubai_Industrial_Zone_1
2026-05-26 07:30:00,436.65,41.7,37.54,Dubai_Industrial_Zone_1
2026-05-26 08:00:00,426.67,40.91,21.33,Dubai_Industrial_Zone_1
2026-05-26 08:30:00,436.72,38.21,35.93,Dubai_Industrial_Zone_1
2026-05-26 09:00:00,426.2,38.27,20.0,Dubai_Industrial_Zone_1
2026-05-26 09:30:00,439.27,35.0,22.83,Dubai_Industrial_Zone_1
2026-05-26 10:00:00,429.57,35.51,24.86,Dubai_Industrial_Zone_1
2026-05-26 10:30:00,424.33,35.93,50.5,Dubai_Industrial_Zone_1
2026-05-26 11:00:00,412.96,35.11,31.19,Dubai_Industrial_Zone_1
2026-05-26 11:30:00,421.51,32.62,34.9,Dubai_Industrial_Zone_1
2026-05-26 12:00:00,414.71,32.28,49.79,Dubai_Industrial_Zone_1
2026-05-26 12:30:00,397.96,28.97,60.0,Dubai_Industrial_Zone_1
2026-05-26 13:00:00,402.14,34.92,30.63,Dubai_Industrial_Zone_1
2026-05-26 13:30:00,391.3,26.26,41.57,Dubai_Industrial_Zone_1
2026-05-26 14:00:00,389.02,27.86,49.12,Dubai_Industrial_Zone_1
2026-05-26 14:30:00,390.27,28.87,38.35,Dubai_Industrial_Zone_1
2026-05-26 15:00:00,392.03,26.81,30.28,Dubai_Industrial_Zone_1
2026-05-26 15:30:00,378.61,25.08,38.99,Dubai_Industrial_Zone_1
2026-05-26 16:00:00,397.87,27.09,27.21,Dubai_Industrial_Zone_1
2026-05-26 16:30:00,386.38,21.6,28.46,Dubai_Industrial_Zone_1
2026-05-26 17:00:00,375.39,27.94,54.86,Dubai_Industrial_Zone_1
2026-05-26 17:30:00,381.66,22.55,57.19,Dubai_Industrial_Zone_1
2026-05-26 18:00:00,380.54,22.4,60.0,Dubai_Industrial_Zone_1
2026-05-26 18:30:00,382.49,23.72,39.94,Dubai_Industrial_Zone_1
2026-05-26 19:00:00,375.52,21.51,35.02,Dubai_Industrial_Zone_1
2026-05-26 19:30:00,381.64,28.17,41.28,Dubai_Industrial_Zone_1
2026-05-26 20:00:00,380.74,26.4,60.0,Dubai_Industrial_Zone_1
2026-05-26 20:30:00,394.13,25.48,37.13,Dubai_Industrial_Zone_1
2026-05-26 21:00:00,388.48,24.02,53.71,Dubai_Industrial_Zone_1
2026-05-26 21:30:00,400.15,25.2,55.79,Dubai_Industrial_Zone_1
2026-05-26 22:00:00,398.37,30.09,24.13,Dubai_Industrial_Zone_1
2026-05-26 22:30:00,403.88,30.55,58.38,Dubai_Industrial_Zone_1
2026-05-26 23:00:00,399.81,29.8,37.7,Dubai_Industrial_Zone_1
2026-05-26 23:30:00,410.39,29.4,60.0,Dubai_Industrial_Zone_1
